year,victim_age_code,victim_age_label,standard_age_bin,detailed_age_bin,offender_sex,raw_offender_sex_code,parent_type,relationship_code,relationship_label,offender_record_count
1985,01,1 years,1-4 years,1-4 years,female,F,parent,DA,daughter,15
1985,01,1 years,1-4 years,1-4 years,female,F,parent,SO,son,13
1985,01,1 years,1-4 years,1-4 years,male,M,parent,DA,daughter,8
1985,01,1 years,1-4 years,1-4 years,male,M,parent,SO,son,22
1985,01,1 years,1-4 years,1-4 years,male,M,stepparent,SD,stepdaughter,3
1985,01,1 years,1-4 years,1-4 years,unknown/not specified,U,parent,DA,daughter,2
1985,02,2 years,1-4 years,1-4 years,female,F,parent,DA,daughter,12
1985,02,2 years,1-4 years,1-4 years,female,F,parent,SO,son,13
1985,02,2 years,1-4 years,1-4 years,male,M,parent,DA,daughter,13
1985,02,2 years,1-4 years,1-4 years,male,M,parent,SO,son,16
1985,02,2 years,1-4 years,1-4 years,male,M,stepparent,SD,stepdaughter,3
1985,02,2 years,1-4 years,1-4 years,male,M,stepparent,SS,stepson,4
1985,03,3 years,1-4 years,1-4 years,female,F,parent,DA,daughter,3
1985,03,3 years,1-4 years,1-4 years,female,F,parent,SO,son,3
1985,03,3 years,1-4 years,1-4 years,male,M,parent,DA,daughter,5
1985,03,3 years,1-4 years,1-4 years,male,M,parent,SO,son,6
1985,03,3 years,1-4 years,1-4 years,male,M,stepparent,SD,stepdaughter,3
1985,03,3 years,1-4 years,1-4 years,male,M,stepparent,SS,stepson,4
1985,03,3 years,1-4 years,1-4 years,unknown/not specified,U,parent,SO,son,1
1985,04,4 years,1-4 years,1-4 years,female,F,parent,DA,daughter,4
1985,04,4 years,1-4 years,1-4 years,female,F,parent,SO,son,1
1985,04,4 years,1-4 years,1-4 years,male,M,parent,DA,daughter,1
1985,04,4 years,1-4 years,1-4 years,male,M,parent,SO,son,11
1985,04,4 years,1-4 years,1-4 years,male,M,stepparent,SD,stepdaughter,1
1985,04,4 years,1-4 years,1-4 years,male,M,stepparent,SS,stepson,2
1985,05,5 years,5-9 years,5-9 years,female,F,parent,DA,daughter,5
1985,05,5 years,5-9 years,5-9 years,male,M,parent,DA,daughter,6
1985,05,5 years,5-9 years,5-9 years,male,M,parent,SO,son,5
1985,05,5 years,5-9 years,5-9 years,male,M,stepparent,SD,stepdaughter,2
1985,05,5 years,5-9 years,5-9 years,male,M,stepparent,SS,stepson,1
1985,06,6 years,5-9 years,5-9 years,female,F,parent,SO,son,2
1985,06,6 years,5-9 years,5-9 years,female,F,stepparent,SS,stepson,1
1985,06,6 years,5-9 years,5-9 years,male,M,parent,DA,daughter,3
1985,06,6 years,5-9 years,5-9 years,male,M,parent,SO,son,5
1985,06,6 years,5-9 years,5-9 years,male,M,stepparent,SS,stepson,3
1985,07,7 years,5-9 years,5-9 years,female,F,parent,DA,daughter,1
1985,07,7 years,5-9 years,5-9 years,female,F,parent,SO,son,1
1985,07,7 years,5-9 years,5-9 years,male,M,parent,DA,daughter,1
1985,07,7 years,5-9 years,5-9 years,male,M,stepparent,SD,stepdaughter,1
1985,07,7 years,5-9 years,5-9 years,male,M,stepparent,SS,stepson,1
1985,08,8 years,5-9 years,5-9 years,female,F,parent,DA,daughter,1
1985,08,8 years,5-9 years,5-9 years,female,F,parent,SO,son,1
1985,08,8 years,5-9 years,5-9 years,male,M,parent,DA,daughter,3
1985,08,8 years,5-9 years,5-9 years,male,M,parent,SO,son,3
1985,09,9 years,5-9 years,5-9 years,female,F,parent,DA,daughter,2
1985,09,9 years,5-9 years,5-9 years,male,M,parent,DA,daughter,1
1985,09,9 years,5-9 years,5-9 years,male,M,parent,SO,son,1
1985,10,10 years,10-14 years,10-14 years,male,M,parent,DA,daughter,2
1985,10,10 years,10-14 years,10-14 years,male,M,parent,SO,son,1
1985,11,11 years,10-14 years,10-14 years,female,F,parent,DA,daughter,1
1985,11,11 years,10-14 years,10-14 years,male,M,parent,DA,daughter,1
1985,12,12 years,10-14 years,10-14 years,female,F,parent,DA,daughter,1
1985,12,12 years,10-14 years,10-14 years,male,M,parent,SO,son,1
1985,13,13 years,10-14 years,10-14 years,female,F,parent,DA,daughter,1
1985,13,13 years,10-14 years,10-14 years,female,F,parent,SO,son,1
1985,13,13 years,10-14 years,10-14 years,male,M,parent,DA,daughter,3
1985,13,13 years,10-14 years,10-14 years,male,M,parent,SO,son,4
1985,13,13 years,10-14 years,10-14 years,male,M,stepparent,SS,stepson,3
1985,14,14 years,10-14 years,10-14 years,male,M,stepparent,SS,stepson,2
1985,15,15 years,15-17 years,15-17 years,female,F,parent,DA,daughter,2
1985,15,15 years,15-17 years,15-17 years,male,M,parent,DA,daughter,3
1985,15,15 years,15-17 years,15-17 years,male,M,stepparent,SD,stepdaughter,1
1985,17,17 years,15-17 years,15-17 years,female,F,parent,SO,son,1
1985,17,17 years,15-17 years,15-17 years,male,M,parent,DA,daughter,1
1985,17,17 years,15-17 years,15-17 years,male,M,parent,SO,son,1
1985,17,17 years,15-17 years,15-17 years,male,M,stepparent,SD,stepdaughter,1
1985,17,17 years,15-17 years,15-17 years,male,M,stepparent,SS,stepson,2
1985,BB,7-364 days,under 1 year,7-364 days,female,F,parent,DA,daughter,21
1985,BB,7-364 days,under 1 year,7-364 days,female,F,parent,SO,son,34
1985,BB,7-364 days,under 1 year,7-364 days,male,M,parent,DA,daughter,34
1985,BB,7-364 days,under 1 year,7-364 days,male,M,parent,SO,son,26
1985,BB,7-364 days,under 1 year,7-364 days,male,M,stepparent,SS,stepson,2
1985,NB,0-6 days,under 1 year,0-6 days,female,F,parent,DA,daughter,22
1985,NB,0-6 days,under 1 year,0-6 days,female,F,parent,SO,son,17
1985,NB,0-6 days,under 1 year,0-6 days,male,M,parent,DA,daughter,2
1985,NB,0-6 days,under 1 year,0-6 days,male,M,parent,SO,son,2
1985,NB,0-6 days,under 1 year,0-6 days,unknown/not specified,U,parent,DA,daughter,5
1985,NB,0-6 days,under 1 year,0-6 days,unknown/not specified,U,parent,SO,son,2
1986,01,1 years,1-4 years,1-4 years,female,F,parent,DA,daughter,20
1986,01,1 years,1-4 years,1-4 years,female,F,parent,SO,son,19
1986,01,1 years,1-4 years,1-4 years,male,M,parent,DA,daughter,8
1986,01,1 years,1-4 years,1-4 years,male,M,parent,SO,son,17
1986,01,1 years,1-4 years,1-4 years,male,M,stepparent,SD,stepdaughter,3
1986,01,1 years,1-4 years,1-4 years,male,M,stepparent,SS,stepson,3
1986,02,2 years,1-4 years,1-4 years,female,F,parent,DA,daughter,10
1986,02,2 years,1-4 years,1-4 years,female,F,parent,SO,son,16
1986,02,2 years,1-4 years,1-4 years,male,M,parent,DA,daughter,12
1986,02,2 years,1-4 years,1-4 years,male,M,parent,SO,son,11
1986,02,2 years,1-4 years,1-4 years,male,M,stepparent,SD,stepdaughter,3
1986,02,2 years,1-4 years,1-4 years,male,M,stepparent,SS,stepson,2
1986,02,2 years,1-4 years,1-4 years,unknown/not specified,U,parent,SO,son,1
1986,03,3 years,1-4 years,1-4 years,female,F,parent,DA,daughter,7
1986,03,3 years,1-4 years,1-4 years,female,F,parent,SO,son,14
1986,03,3 years,1-4 years,1-4 years,female,F,stepparent,SS,stepson,1
1986,03,3 years,1-4 years,1-4 years,male,M,parent,DA,daughter,6
1986,03,3 years,1-4 years,1-4 years,male,M,parent,SO,son,10
1986,03,3 years,1-4 years,1-4 years,male,M,stepparent,SD,stepdaughter,1
1986,03,3 years,1-4 years,1-4 years,male,M,stepparent,SS,stepson,1
1986,04,4 years,1-4 years,1-4 years,female,F,parent,DA,daughter,4
1986,04,4 years,1-4 years,1-4 years,female,F,parent,SO,son,4
1986,04,4 years,1-4 years,1-4 years,male,M,parent,DA,daughter,3
1986,04,4 years,1-4 years,1-4 years,male,M,parent,SO,son,7
1986,04,4 years,1-4 years,1-4 years,male,M,stepparent,SS,stepson,1
1986,05,5 years,5-9 years,5-9 years,female,F,parent,DA,daughter,4
1986,05,5 years,5-9 years,5-9 years,female,F,parent,SO,son,3
1986,05,5 years,5-9 years,5-9 years,male,M,parent,SO,son,2
1986,06,6 years,5-9 years,5-9 years,female,F,parent,DA,daughter,1
1986,06,6 years,5-9 years,5-9 years,female,F,parent,SO,son,2
1986,06,6 years,5-9 years,5-9 years,male,M,parent,SO,son,2
1986,07,7 years,5-9 years,5-9 years,female,F,parent,DA,daughter,4
1986,07,7 years,5-9 years,5-9 years,female,F,parent,SO,son,2
1986,07,7 years,5-9 years,5-9 years,male,M,parent,DA,daughter,1
1986,07,7 years,5-9 years,5-9 years,male,M,parent,SO,son,1
1986,08,8 years,5-9 years,5-9 years,female,F,parent,SO,son,1
1986,08,8 years,5-9 years,5-9 years,male,M,parent,DA,daughter,4
1986,08,8 years,5-9 years,5-9 years,male,M,parent,SO,son,2
1986,09,9 years,5-9 years,5-9 years,female,F,parent,DA,daughter,1
1986,09,9 years,5-9 years,5-9 years,female,F,parent,SO,son,2
1986,09,9 years,5-9 years,5-9 years,male,M,parent,DA,daughter,1
1986,09,9 years,5-9 years,5-9 years,male,M,parent,SO,son,2
1986,09,9 years,5-9 years,5-9 years,male,M,stepparent,SS,stepson,1
1986,10,10 years,10-14 years,10-14 years,male,M,parent,SO,son,2
1986,11,11 years,10-14 years,10-14 years,female,F,parent,DA,daughter,1
1986,11,11 years,10-14 years,10-14 years,male,M,parent,SO,son,3
1986,12,12 years,10-14 years,10-14 years,female,F,parent,DA,daughter,1
1986,12,12 years,10-14 years,10-14 years,male,M,parent,DA,daughter,2
1986,12,12 years,10-14 years,10-14 years,male,M,parent,SO,son,1
1986,12,12 years,10-14 years,10-14 years,male,M,stepparent,SD,stepdaughter,1
1986,13,13 years,10-14 years,10-14 years,female,F,parent,SO,son,2
1986,13,13 years,10-14 years,10-14 years,male,M,parent,SO,son,1
1986,14,14 years,10-14 years,10-14 years,male,M,parent,DA,daughter,2
1986,15,15 years,15-17 years,15-17 years,male,M,parent,DA,daughter,1
1986,16,16 years,15-17 years,15-17 years,female,F,parent,SO,son,3
1986,16,16 years,15-17 years,15-17 years,male,M,parent,SO,son,1
1986,16,16 years,15-17 years,15-17 years,male,M,stepparent,SD,stepdaughter,2
1986,16,16 years,15-17 years,15-17 years,male,M,stepparent,SS,stepson,1
1986,17,17 years,15-17 years,15-17 years,female,F,parent,SO,son,1
1986,17,17 years,15-17 years,15-17 years,male,M,parent,DA,daughter,1
1986,17,17 years,15-17 years,15-17 years,male,M,parent,SO,son,3
1986,BB,7-364 days,under 1 year,7-364 days,female,F,parent,DA,daughter,24
1986,BB,7-364 days,under 1 year,7-364 days,female,F,parent,SO,son,37
1986,BB,7-364 days,under 1 year,7-364 days,male,M,parent,DA,daughter,29
1986,BB,7-364 days,under 1 year,7-364 days,male,M,parent,SO,son,35
1986,BB,7-364 days,under 1 year,7-364 days,male,M,stepparent,SD,stepdaughter,1
1986,NB,0-6 days,under 1 year,0-6 days,female,F,parent,DA,daughter,23
1986,NB,0-6 days,under 1 year,0-6 days,female,F,parent,SO,son,23
1986,NB,0-6 days,under 1 year,0-6 days,male,M,parent,DA,daughter,5
1986,NB,0-6 days,under 1 year,0-6 days,male,M,parent,SO,son,8
1986,NB,0-6 days,under 1 year,0-6 days,unknown/not specified,U,parent,SO,son,3
1987,01,1 years,1-4 years,1-4 years,female,F,parent,DA,daughter,16
1987,01,1 years,1-4 years,1-4 years,female,F,parent,SO,son,11
1987,01,1 years,1-4 years,1-4 years,male,M,parent,DA,daughter,12
1987,01,1 years,1-4 years,1-4 years,male,M,parent,SO,son,9
1987,01,1 years,1-4 years,1-4 years,male,M,stepparent,SD,stepdaughter,2
1987,02,2 years,1-4 years,1-4 years,female,F,parent,DA,daughter,9
1987,02,2 years,1-4 years,1-4 years,female,F,parent,SO,son,9
1987,02,2 years,1-4 years,1-4 years,female,F,stepparent,SS,stepson,1
1987,02,2 years,1-4 years,1-4 years,male,M,parent,DA,daughter,9
1987,02,2 years,1-4 years,1-4 years,male,M,parent,SO,son,6
1987,02,2 years,1-4 years,1-4 years,male,M,stepparent,SD,stepdaughter,2
1987,02,2 years,1-4 years,1-4 years,male,M,stepparent,SS,stepson,6
1987,03,3 years,1-4 years,1-4 years,female,F,parent,DA,daughter,6
1987,03,3 years,1-4 years,1-4 years,female,F,parent,SO,son,7
1987,03,3 years,1-4 years,1-4 years,male,M,parent,DA,daughter,3
1987,03,3 years,1-4 years,1-4 years,male,M,parent,SO,son,8
1987,03,3 years,1-4 years,1-4 years,male,M,stepparent,SS,stepson,5
1987,04,4 years,1-4 years,1-4 years,female,F,parent,DA,daughter,7
1987,04,4 years,1-4 years,1-4 years,female,F,parent,SO,son,8
1987,04,4 years,1-4 years,1-4 years,female,F,stepparent,SD,stepdaughter,1
1987,04,4 years,1-4 years,1-4 years,male,M,parent,DA,daughter,5
1987,04,4 years,1-4 years,1-4 years,male,M,parent,SO,son,1
1987,04,4 years,1-4 years,1-4 years,male,M,stepparent,SD,stepdaughter,1
1987,04,4 years,1-4 years,1-4 years,male,M,stepparent,SS,stepson,2
1987,05,5 years,5-9 years,5-9 years,female,F,parent,DA,daughter,5
1987,05,5 years,5-9 years,5-9 years,female,F,parent,SO,son,2
1987,05,5 years,5-9 years,5-9 years,male,M,parent,DA,daughter,2
1987,05,5 years,5-9 years,5-9 years,male,M,parent,SO,son,1
1987,05,5 years,5-9 years,5-9 years,male,M,stepparent,SD,stepdaughter,2
1987,05,5 years,5-9 years,5-9 years,male,M,stepparent,SS,stepson,1
1987,06,6 years,5-9 years,5-9 years,female,F,parent,DA,daughter,2
1987,06,6 years,5-9 years,5-9 years,female,F,parent,SO,son,1
1987,06,6 years,5-9 years,5-9 years,female,F,stepparent,SD,stepdaughter,1
1987,06,6 years,5-9 years,5-9 years,male,M,parent,SO,son,2
1987,06,6 years,5-9 years,5-9 years,male,M,stepparent,SS,stepson,1
1987,07,7 years,5-9 years,5-9 years,female,F,parent,SO,son,2
1987,07,7 years,5-9 years,5-9 years,male,M,parent,DA,daughter,3
1987,08,8 years,5-9 years,5-9 years,female,F,parent,SO,son,2
1987,08,8 years,5-9 years,5-9 years,male,M,parent,DA,daughter,1
1987,08,8 years,5-9 years,5-9 years,male,M,parent,SO,son,1
1987,09,9 years,5-9 years,5-9 years,female,F,parent,DA,daughter,1
1987,09,9 years,5-9 years,5-9 years,female,F,parent,SO,son,1
1987,09,9 years,5-9 years,5-9 years,male,M,parent,DA,daughter,1
1987,09,9 years,5-9 years,5-9 years,male,M,parent,SO,son,1
1987,10,10 years,10-14 years,10-14 years,female,F,parent,DA,daughter,1
1987,11,11 years,10-14 years,10-14 years,female,F,parent,SO,son,2
1987,11,11 years,10-14 years,10-14 years,male,M,parent,DA,daughter,2
1987,11,11 years,10-14 years,10-14 years,male,M,parent,SO,son,3
1987,11,11 years,10-14 years,10-14 years,male,M,stepparent,SS,stepson,1
1987,12,12 years,10-14 years,10-14 years,male,M,parent,DA,daughter,2
1987,12,12 years,10-14 years,10-14 years,male,M,parent,SO,son,1
1987,12,12 years,10-14 years,10-14 years,male,M,stepparent,SD,stepdaughter,1
1987,13,13 years,10-14 years,10-14 years,male,M,parent,DA,daughter,2
1987,13,13 years,10-14 years,10-14 years,male,M,parent,SO,son,1
1987,15,15 years,15-17 years,15-17 years,male,M,parent,DA,daughter,1
1987,15,15 years,15-17 years,15-17 years,male,M,parent,SO,son,1
1987,15,15 years,15-17 years,15-17 years,male,M,stepparent,SD,stepdaughter,3
1987,16,16 years,15-17 years,15-17 years,female,F,parent,DA,daughter,2
1987,16,16 years,15-17 years,15-17 years,female,F,parent,SO,son,2
1987,16,16 years,15-17 years,15-17 years,male,M,parent,DA,daughter,1
1987,16,16 years,15-17 years,15-17 years,male,M,parent,SO,son,1
1987,16,16 years,15-17 years,15-17 years,male,M,stepparent,SS,stepson,2
1987,17,17 years,15-17 years,15-17 years,female,F,parent,DA,daughter,1
1987,17,17 years,15-17 years,15-17 years,female,F,parent,SO,son,1
1987,17,17 years,15-17 years,15-17 years,male,M,parent,DA,daughter,1
1987,17,17 years,15-17 years,15-17 years,male,M,parent,SO,son,2
1987,17,17 years,15-17 years,15-17 years,male,M,stepparent,SS,stepson,1
1987,BB,7-364 days,under 1 year,7-364 days,female,F,parent,DA,daughter,22
1987,BB,7-364 days,under 1 year,7-364 days,female,F,parent,SO,son,33
1987,BB,7-364 days,under 1 year,7-364 days,male,M,parent,DA,daughter,34
1987,BB,7-364 days,under 1 year,7-364 days,male,M,parent,SO,son,44
1987,BB,7-364 days,under 1 year,7-364 days,male,M,stepparent,SD,stepdaughter,2
1987,BB,7-364 days,under 1 year,7-364 days,male,M,stepparent,SS,stepson,1
1987,NB,0-6 days,under 1 year,0-6 days,female,F,parent,DA,daughter,21
1987,NB,0-6 days,under 1 year,0-6 days,female,F,parent,SO,son,22
1987,NB,0-6 days,under 1 year,0-6 days,male,M,parent,DA,daughter,1
1987,NB,0-6 days,under 1 year,0-6 days,male,M,parent,SO,son,4
1987,NB,0-6 days,under 1 year,0-6 days,unknown/not specified,U,parent,DA,daughter,2
1987,NB,0-6 days,under 1 year,0-6 days,unknown/not specified,U,parent,SO,son,2
1988,01,1 years,1-4 years,1-4 years,female,F,parent,DA,daughter,13
1988,01,1 years,1-4 years,1-4 years,female,F,parent,SO,son,7
1988,01,1 years,1-4 years,1-4 years,male,M,parent,DA,daughter,9
1988,01,1 years,1-4 years,1-4 years,male,M,parent,SO,son,13
1988,01,1 years,1-4 years,1-4 years,male,M,stepparent,SD,stepdaughter,1
1988,01,1 years,1-4 years,1-4 years,male,M,stepparent,SS,stepson,4
1988,01,1 years,1-4 years,1-4 years,unknown/not specified,U,parent,DA,daughter,1
1988,02,2 years,1-4 years,1-4 years,female,F,parent,DA,daughter,11
1988,02,2 years,1-4 years,1-4 years,female,F,parent,SO,son,18
1988,02,2 years,1-4 years,1-4 years,female,F,stepparent,SD,stepdaughter,1
1988,02,2 years,1-4 years,1-4 years,male,M,parent,DA,daughter,5
1988,02,2 years,1-4 years,1-4 years,male,M,parent,SO,son,8
1988,02,2 years,1-4 years,1-4 years,male,M,stepparent,SD,stepdaughter,3
1988,02,2 years,1-4 years,1-4 years,male,M,stepparent,SS,stepson,4
1988,03,3 years,1-4 years,1-4 years,female,F,parent,DA,daughter,1
1988,03,3 years,1-4 years,1-4 years,female,F,parent,SO,son,5
1988,03,3 years,1-4 years,1-4 years,male,M,parent,DA,daughter,5
1988,03,3 years,1-4 years,1-4 years,male,M,parent,SO,son,10
1988,03,3 years,1-4 years,1-4 years,male,M,stepparent,SD,stepdaughter,2
1988,04,4 years,1-4 years,1-4 years,female,F,parent,DA,daughter,4
1988,04,4 years,1-4 years,1-4 years,female,F,parent,SO,son,3
1988,04,4 years,1-4 years,1-4 years,male,M,parent,DA,daughter,5
1988,04,4 years,1-4 years,1-4 years,male,M,parent,SO,son,4
1988,05,5 years,5-9 years,5-9 years,female,F,parent,DA,daughter,3
1988,05,5 years,5-9 years,5-9 years,female,F,parent,SO,son,2
1988,05,5 years,5-9 years,5-9 years,female,F,stepparent,SD,stepdaughter,1
1988,05,5 years,5-9 years,5-9 years,male,M,parent,DA,daughter,3
1988,05,5 years,5-9 years,5-9 years,male,M,parent,SO,son,3
1988,05,5 years,5-9 years,5-9 years,male,M,stepparent,SS,stepson,3
1988,06,6 years,5-9 years,5-9 years,female,F,parent,DA,daughter,1
1988,06,6 years,5-9 years,5-9 years,female,F,parent,SO,son,2
1988,06,6 years,5-9 years,5-9 years,male,M,parent,SO,son,3
1988,06,6 years,5-9 years,5-9 years,male,M,stepparent,SD,stepdaughter,2
1988,07,7 years,5-9 years,5-9 years,female,F,parent,DA,daughter,2
1988,07,7 years,5-9 years,5-9 years,female,F,parent,SO,son,1
1988,07,7 years,5-9 years,5-9 years,male,M,parent,DA,daughter,3
1988,07,7 years,5-9 years,5-9 years,male,M,parent,SO,son,4
1988,08,8 years,5-9 years,5-9 years,male,M,parent,DA,daughter,4
1988,08,8 years,5-9 years,5-9 years,male,M,parent,SO,son,1
1988,09,9 years,5-9 years,5-9 years,female,F,parent,DA,daughter,1
1988,09,9 years,5-9 years,5-9 years,female,F,parent,SO,son,2
1988,09,9 years,5-9 years,5-9 years,male,M,parent,DA,daughter,3
1988,09,9 years,5-9 years,5-9 years,male,M,parent,SO,son,2
1988,09,9 years,5-9 years,5-9 years,male,M,stepparent,SS,stepson,1
1988,10,10 years,10-14 years,10-14 years,female,F,parent,DA,daughter,1
1988,10,10 years,10-14 years,10-14 years,male,M,parent,DA,daughter,1
1988,10,10 years,10-14 years,10-14 years,male,M,parent,SO,son,1
1988,10,10 years,10-14 years,10-14 years,male,M,stepparent,SS,stepson,1
1988,11,11 years,10-14 years,10-14 years,female,F,parent,DA,daughter,1
1988,11,11 years,10-14 years,10-14 years,female,F,parent,SO,son,2
1988,11,11 years,10-14 years,10-14 years,male,M,stepparent,SD,stepdaughter,1
1988,12,12 years,10-14 years,10-14 years,male,M,parent,SO,son,1
1988,12,12 years,10-14 years,10-14 years,male,M,stepparent,SS,stepson,1
1988,13,13 years,10-14 years,10-14 years,female,F,parent,SO,son,1
1988,14,14 years,10-14 years,10-14 years,female,F,parent,SO,son,1
1988,15,15 years,15-17 years,15-17 years,female,F,parent,DA,daughter,1
1988,15,15 years,15-17 years,15-17 years,female,F,parent,SO,son,1
1988,15,15 years,15-17 years,15-17 years,male,M,stepparent,SD,stepdaughter,2
1988,15,15 years,15-17 years,15-17 years,male,M,stepparent,SS,stepson,1
1988,16,16 years,15-17 years,15-17 years,female,F,parent,SO,son,1
1988,16,16 years,15-17 years,15-17 years,male,M,parent,SO,son,1
1988,16,16 years,15-17 years,15-17 years,male,M,stepparent,SS,stepson,1
1988,17,17 years,15-17 years,15-17 years,female,F,parent,DA,daughter,1
1988,17,17 years,15-17 years,15-17 years,female,F,parent,SO,son,2
1988,17,17 years,15-17 years,15-17 years,male,M,parent,SO,son,1
1988,17,17 years,15-17 years,15-17 years,male,M,stepparent,SD,stepdaughter,1
1988,BB,7-364 days,under 1 year,7-364 days,female,F,parent,DA,daughter,27
1988,BB,7-364 days,under 1 year,7-364 days,female,F,parent,SO,son,32
1988,BB,7-364 days,under 1 year,7-364 days,male,M,parent,DA,daughter,34
1988,BB,7-364 days,under 1 year,7-364 days,male,M,parent,SO,son,41
1988,BB,7-364 days,under 1 year,7-364 days,male,M,stepparent,SD,stepdaughter,2
1988,BB,7-364 days,under 1 year,7-364 days,male,M,stepparent,SS,stepson,1
1988,BB,7-364 days,under 1 year,7-364 days,unknown/not specified,U,parent,SO,son,1
1988,NB,0-6 days,under 1 year,0-6 days,female,F,parent,DA,daughter,26
1988,NB,0-6 days,under 1 year,0-6 days,female,F,parent,SO,son,18
1988,NB,0-6 days,under 1 year,0-6 days,male,M,parent,SO,son,2
1988,NB,0-6 days,under 1 year,0-6 days,unknown/not specified,U,parent,SO,son,1
1989,01,1 years,1-4 years,1-4 years,female,F,parent,DA,daughter,14
1989,01,1 years,1-4 years,1-4 years,female,F,parent,SO,son,15
1989,01,1 years,1-4 years,1-4 years,male,M,parent,DA,daughter,9
1989,01,1 years,1-4 years,1-4 years,male,M,parent,SO,son,18
1989,01,1 years,1-4 years,1-4 years,male,M,stepparent,SD,stepdaughter,3
1989,01,1 years,1-4 years,1-4 years,male,M,stepparent,SS,stepson,3
1989,01,1 years,1-4 years,1-4 years,unknown/not specified,U,parent,DA,daughter,1
1989,02,2 years,1-4 years,1-4 years,female,F,parent,DA,daughter,11
1989,02,2 years,1-4 years,1-4 years,female,F,parent,SO,son,8
1989,02,2 years,1-4 years,1-4 years,male,M,parent,DA,daughter,9
1989,02,2 years,1-4 years,1-4 years,male,M,parent,SO,son,8
1989,02,2 years,1-4 years,1-4 years,male,M,stepparent,SD,stepdaughter,2
1989,02,2 years,1-4 years,1-4 years,male,M,stepparent,SS,stepson,3
1989,03,3 years,1-4 years,1-4 years,female,F,parent,DA,daughter,10
1989,03,3 years,1-4 years,1-4 years,female,F,parent,SO,son,9
1989,03,3 years,1-4 years,1-4 years,female,F,stepparent,SS,stepson,2
1989,03,3 years,1-4 years,1-4 years,male,M,parent,DA,daughter,3
1989,03,3 years,1-4 years,1-4 years,male,M,parent,SO,son,7
1989,03,3 years,1-4 years,1-4 years,male,M,stepparent,SD,stepdaughter,2
1989,03,3 years,1-4 years,1-4 years,male,M,stepparent,SS,stepson,2
1989,04,4 years,1-4 years,1-4 years,female,F,parent,DA,daughter,8
1989,04,4 years,1-4 years,1-4 years,female,F,parent,SO,son,7
1989,04,4 years,1-4 years,1-4 years,male,M,parent,DA,daughter,2
1989,04,4 years,1-4 years,1-4 years,male,M,parent,SO,son,5
1989,04,4 years,1-4 years,1-4 years,male,M,stepparent,SD,stepdaughter,2
1989,04,4 years,1-4 years,1-4 years,unknown/not specified,U,parent,DA,daughter,1
1989,05,5 years,5-9 years,5-9 years,female,F,parent,DA,daughter,4
1989,05,5 years,5-9 years,5-9 years,female,F,parent,SO,son,3
1989,05,5 years,5-9 years,5-9 years,female,F,stepparent,SS,stepson,1
1989,05,5 years,5-9 years,5-9 years,male,M,parent,DA,daughter,6
1989,05,5 years,5-9 years,5-9 years,male,M,parent,SO,son,2
1989,06,6 years,5-9 years,5-9 years,female,F,parent,DA,daughter,1
1989,06,6 years,5-9 years,5-9 years,female,F,parent,SO,son,1
1989,06,6 years,5-9 years,5-9 years,male,M,parent,DA,daughter,1
1989,06,6 years,5-9 years,5-9 years,male,M,parent,SO,son,1
1989,07,7 years,5-9 years,5-9 years,female,F,parent,DA,daughter,4
1989,07,7 years,5-9 years,5-9 years,male,M,parent,DA,daughter,2
1989,07,7 years,5-9 years,5-9 years,male,M,stepparent,SD,stepdaughter,1
1989,07,7 years,5-9 years,5-9 years,male,M,stepparent,SS,stepson,1
1989,08,8 years,5-9 years,5-9 years,female,F,parent,SO,son,1
1989,08,8 years,5-9 years,5-9 years,male,M,parent,DA,daughter,1
1989,08,8 years,5-9 years,5-9 years,male,M,parent,SO,son,4
1989,08,8 years,5-9 years,5-9 years,male,M,stepparent,SD,stepdaughter,1
1989,09,9 years,5-9 years,5-9 years,female,F,parent,DA,daughter,2
1989,09,9 years,5-9 years,5-9 years,female,F,parent,SO,son,3
1989,09,9 years,5-9 years,5-9 years,male,M,parent,DA,daughter,1
1989,09,9 years,5-9 years,5-9 years,male,M,parent,SO,son,2
1989,10,10 years,10-14 years,10-14 years,female,F,parent,DA,daughter,1
1989,10,10 years,10-14 years,10-14 years,male,M,parent,DA,daughter,2
1989,10,10 years,10-14 years,10-14 years,male,M,parent,SO,son,1
1989,11,11 years,10-14 years,10-14 years,female,F,parent,DA,daughter,1
1989,11,11 years,10-14 years,10-14 years,male,M,parent,DA,daughter,2
1989,11,11 years,10-14 years,10-14 years,male,M,parent,SO,son,2
1989,12,12 years,10-14 years,10-14 years,female,F,parent,SO,son,1
1989,12,12 years,10-14 years,10-14 years,male,M,stepparent,SD,stepdaughter,1
1989,12,12 years,10-14 years,10-14 years,male,M,stepparent,SS,stepson,1
1989,13,13 years,10-14 years,10-14 years,male,M,parent,DA,daughter,3
1989,14,14 years,10-14 years,10-14 years,female,F,parent,SO,son,3
1989,14,14 years,10-14 years,10-14 years,male,M,parent,SO,son,1
1989,15,15 years,15-17 years,15-17 years,male,M,parent,SO,son,1
1989,16,16 years,15-17 years,15-17 years,female,F,parent,SO,son,1
1989,16,16 years,15-17 years,15-17 years,male,M,parent,DA,daughter,4
1989,16,16 years,15-17 years,15-17 years,male,M,parent,SO,son,1
1989,17,17 years,15-17 years,15-17 years,male,M,parent,DA,daughter,2
1989,17,17 years,15-17 years,15-17 years,male,M,parent,SO,son,5
1989,17,17 years,15-17 years,15-17 years,male,M,stepparent,SD,stepdaughter,1
1989,17,17 years,15-17 years,15-17 years,male,M,stepparent,SS,stepson,1
1989,BB,7-364 days,under 1 year,7-364 days,female,F,parent,DA,daughter,33
1989,BB,7-364 days,under 1 year,7-364 days,female,F,parent,SO,son,29
1989,BB,7-364 days,under 1 year,7-364 days,female,F,stepparent,SD,stepdaughter,1
1989,BB,7-364 days,under 1 year,7-364 days,male,M,parent,DA,daughter,30
1989,BB,7-364 days,under 1 year,7-364 days,male,M,parent,SO,son,32
1989,BB,7-364 days,under 1 year,7-364 days,male,M,stepparent,SD,stepdaughter,3
1989,BB,7-364 days,under 1 year,7-364 days,unknown/not specified,U,parent,SO,son,2
1989,NB,0-6 days,under 1 year,0-6 days,female,F,parent,DA,daughter,19
1989,NB,0-6 days,under 1 year,0-6 days,female,F,parent,SO,son,25
1989,NB,0-6 days,under 1 year,0-6 days,male,M,parent,DA,daughter,1
1989,NB,0-6 days,under 1 year,0-6 days,male,M,parent,SO,son,2
1989,NB,0-6 days,under 1 year,0-6 days,unknown/not specified,U,parent,DA,daughter,2
1989,NB,0-6 days,under 1 year,0-6 days,unknown/not specified,U,parent,SO,son,2
1990,01,1 years,1-4 years,1-4 years,female,F,parent,DA,daughter,13
1990,01,1 years,1-4 years,1-4 years,female,F,parent,SO,son,19
1990,01,1 years,1-4 years,1-4 years,male,M,parent,DA,daughter,16
1990,01,1 years,1-4 years,1-4 years,male,M,parent,SO,son,18
1990,01,1 years,1-4 years,1-4 years,male,M,stepparent,SD,stepdaughter,2
1990,01,1 years,1-4 years,1-4 years,male,M,stepparent,SS,stepson,1
1990,01,1 years,1-4 years,1-4 years,unknown/not specified,U,parent,DA,daughter,1
1990,02,2 years,1-4 years,1-4 years,female,F,parent,DA,daughter,12
1990,02,2 years,1-4 years,1-4 years,female,F,parent,SO,son,12
1990,02,2 years,1-4 years,1-4 years,male,M,parent,DA,daughter,5
1990,02,2 years,1-4 years,1-4 years,male,M,parent,SO,son,7
1990,02,2 years,1-4 years,1-4 years,male,M,stepparent,SD,stepdaughter,3
1990,02,2 years,1-4 years,1-4 years,male,M,stepparent,SS,stepson,5
1990,03,3 years,1-4 years,1-4 years,female,F,parent,DA,daughter,1
1990,03,3 years,1-4 years,1-4 years,female,F,parent,SO,son,2
1990,03,3 years,1-4 years,1-4 years,female,F,stepparent,SS,stepson,1
1990,03,3 years,1-4 years,1-4 years,male,M,parent,DA,daughter,5
1990,03,3 years,1-4 years,1-4 years,male,M,parent,SO,son,4
1990,03,3 years,1-4 years,1-4 years,male,M,stepparent,SS,stepson,7
1990,04,4 years,1-4 years,1-4 years,female,F,parent,SO,son,3
1990,04,4 years,1-4 years,1-4 years,male,M,parent,DA,daughter,1
1990,04,4 years,1-4 years,1-4 years,male,M,parent,SO,son,7
1990,05,5 years,5-9 years,5-9 years,female,F,parent,DA,daughter,5
1990,05,5 years,5-9 years,5-9 years,female,F,parent,SO,son,4
1990,05,5 years,5-9 years,5-9 years,male,M,parent,DA,daughter,4
1990,05,5 years,5-9 years,5-9 years,male,M,parent,SO,son,4
1990,05,5 years,5-9 years,5-9 years,male,M,stepparent,SS,stepson,2
1990,06,6 years,5-9 years,5-9 years,female,F,parent,DA,daughter,1
1990,06,6 years,5-9 years,5-9 years,female,F,parent,SO,son,1
1990,06,6 years,5-9 years,5-9 years,male,M,parent,DA,daughter,1
1990,06,6 years,5-9 years,5-9 years,male,M,parent,SO,son,1
1990,07,7 years,5-9 years,5-9 years,female,F,parent,SO,son,1
1990,07,7 years,5-9 years,5-9 years,male,M,parent,SO,son,1
1990,08,8 years,5-9 years,5-9 years,male,M,parent,DA,daughter,1
1990,08,8 years,5-9 years,5-9 years,male,M,parent,SO,son,2
1990,09,9 years,5-9 years,5-9 years,female,F,parent,DA,daughter,1
1990,09,9 years,5-9 years,5-9 years,female,F,parent,SO,son,2
1990,09,9 years,5-9 years,5-9 years,male,M,parent,DA,daughter,1
1990,09,9 years,5-9 years,5-9 years,male,M,stepparent,SD,stepdaughter,1
1990,10,10 years,10-14 years,10-14 years,female,F,parent,SO,son,1
1990,10,10 years,10-14 years,10-14 years,male,M,parent,DA,daughter,2
1990,10,10 years,10-14 years,10-14 years,male,M,parent,SO,son,2
1990,10,10 years,10-14 years,10-14 years,male,M,stepparent,SD,stepdaughter,1
1990,10,10 years,10-14 years,10-14 years,male,M,stepparent,SS,stepson,1
1990,11,11 years,10-14 years,10-14 years,female,F,parent,DA,daughter,2
1990,11,11 years,10-14 years,10-14 years,female,F,parent,SO,son,1
1990,11,11 years,10-14 years,10-14 years,male,M,parent,DA,daughter,1
1990,11,11 years,10-14 years,10-14 years,male,M,parent,SO,son,2
1990,12,12 years,10-14 years,10-14 years,female,F,parent,DA,daughter,1
1990,12,12 years,10-14 years,10-14 years,female,F,parent,SO,son,1
1990,12,12 years,10-14 years,10-14 years,male,M,parent,DA,daughter,1
1990,12,12 years,10-14 years,10-14 years,male,M,parent,SO,son,1
1990,12,12 years,10-14 years,10-14 years,male,M,stepparent,SD,stepdaughter,1
1990,13,13 years,10-14 years,10-14 years,female,F,parent,DA,daughter,1
1990,13,13 years,10-14 years,10-14 years,male,M,parent,DA,daughter,1
1990,13,13 years,10-14 years,10-14 years,male,M,parent,SO,son,2
1990,13,13 years,10-14 years,10-14 years,male,M,stepparent,SD,stepdaughter,1
1990,14,14 years,10-14 years,10-14 years,male,M,parent,SO,son,2
1990,14,14 years,10-14 years,10-14 years,male,M,stepparent,SD,stepdaughter,1
1990,14,14 years,10-14 years,10-14 years,male,M,stepparent,SS,stepson,2
1990,15,15 years,15-17 years,15-17 years,female,F,parent,DA,daughter,1
1990,15,15 years,15-17 years,15-17 years,male,M,parent,DA,daughter,2
1990,15,15 years,15-17 years,15-17 years,male,M,parent,SO,son,1
1990,16,16 years,15-17 years,15-17 years,female,F,parent,DA,daughter,1
1990,16,16 years,15-17 years,15-17 years,male,M,stepparent,SD,stepdaughter,1
1990,17,17 years,15-17 years,15-17 years,female,F,parent,DA,daughter,2
1990,17,17 years,15-17 years,15-17 years,male,M,parent,SO,son,5
1990,BB,7-364 days,under 1 year,7-364 days,female,F,parent,DA,daughter,23
1990,BB,7-364 days,under 1 year,7-364 days,female,F,parent,SO,son,34
1990,BB,7-364 days,under 1 year,7-364 days,male,M,parent,DA,daughter,31
1990,BB,7-364 days,under 1 year,7-364 days,male,M,parent,SO,son,39
1990,BB,7-364 days,under 1 year,7-364 days,male,M,stepparent,SD,stepdaughter,2
1990,BB,7-364 days,under 1 year,7-364 days,male,M,stepparent,SS,stepson,3
1990,BB,7-364 days,under 1 year,7-364 days,unknown/not specified,U,parent,DA,daughter,2
1990,NB,0-6 days,under 1 year,0-6 days,female,F,parent,DA,daughter,20
1990,NB,0-6 days,under 1 year,0-6 days,female,F,parent,SO,son,18
1990,NB,0-6 days,under 1 year,0-6 days,male,M,parent,DA,daughter,1
1990,NB,0-6 days,under 1 year,0-6 days,male,M,parent,SO,son,2
1990,NB,0-6 days,under 1 year,0-6 days,unknown/not specified,U,parent,DA,daughter,2
1990,NB,0-6 days,under 1 year,0-6 days,unknown/not specified,U,parent,SO,son,1
1991,01,1 years,1-4 years,1-4 years,female,F,parent,DA,daughter,20
1991,01,1 years,1-4 years,1-4 years,female,F,parent,SO,son,15
1991,01,1 years,1-4 years,1-4 years,female,F,stepparent,SD,stepdaughter,1
1991,01,1 years,1-4 years,1-4 years,male,M,parent,DA,daughter,13
1991,01,1 years,1-4 years,1-4 years,male,M,parent,SO,son,19
1991,01,1 years,1-4 years,1-4 years,male,M,stepparent,SD,stepdaughter,4
1991,01,1 years,1-4 years,1-4 years,male,M,stepparent,SS,stepson,2
1991,01,1 years,1-4 years,1-4 years,unknown/not specified,U,parent,SO,son,2
1991,02,2 years,1-4 years,1-4 years,female,F,parent,DA,daughter,8
1991,02,2 years,1-4 years,1-4 years,female,F,parent,SO,son,13
1991,02,2 years,1-4 years,1-4 years,female,F,stepparent,SS,stepson,1
1991,02,2 years,1-4 years,1-4 years,male,M,parent,DA,daughter,11
1991,02,2 years,1-4 years,1-4 years,male,M,parent,SO,son,13
1991,02,2 years,1-4 years,1-4 years,male,M,stepparent,SS,stepson,1
1991,03,3 years,1-4 years,1-4 years,female,F,parent,DA,daughter,4
1991,03,3 years,1-4 years,1-4 years,female,F,parent,SO,son,5
1991,03,3 years,1-4 years,1-4 years,male,M,parent,DA,daughter,3
1991,03,3 years,1-4 years,1-4 years,male,M,parent,SO,son,10
1991,03,3 years,1-4 years,1-4 years,male,M,stepparent,SD,stepdaughter,1
1991,03,3 years,1-4 years,1-4 years,male,M,stepparent,SS,stepson,2
1991,04,4 years,1-4 years,1-4 years,female,F,parent,DA,daughter,3
1991,04,4 years,1-4 years,1-4 years,female,F,parent,SO,son,5
1991,04,4 years,1-4 years,1-4 years,female,F,stepparent,SD,stepdaughter,1
1991,04,4 years,1-4 years,1-4 years,male,M,parent,SO,son,6
1991,05,5 years,5-9 years,5-9 years,female,F,parent,DA,daughter,2
1991,05,5 years,5-9 years,5-9 years,male,M,parent,SO,son,3
1991,05,5 years,5-9 years,5-9 years,male,M,stepparent,SS,stepson,1
1991,06,6 years,5-9 years,5-9 years,female,F,parent,DA,daughter,1
1991,06,6 years,5-9 years,5-9 years,female,F,parent,SO,son,5
1991,06,6 years,5-9 years,5-9 years,male,M,parent,DA,daughter,1
1991,07,7 years,5-9 years,5-9 years,female,F,parent,DA,daughter,4
1991,07,7 years,5-9 years,5-9 years,female,F,parent,SO,son,1
1991,07,7 years,5-9 years,5-9 years,male,M,parent,SO,son,1
1991,08,8 years,5-9 years,5-9 years,female,F,parent,DA,daughter,1
1991,08,8 years,5-9 years,5-9 years,female,F,parent,SO,son,2
1991,09,9 years,5-9 years,5-9 years,female,F,parent,DA,daughter,1
1991,09,9 years,5-9 years,5-9 years,male,M,parent,DA,daughter,1
1991,10,10 years,10-14 years,10-14 years,female,F,parent,DA,daughter,1
1991,10,10 years,10-14 years,10-14 years,female,F,parent,SO,son,2
1991,10,10 years,10-14 years,10-14 years,male,M,parent,SO,son,2
1991,11,11 years,10-14 years,10-14 years,female,F,parent,DA,daughter,1
1991,11,11 years,10-14 years,10-14 years,female,F,parent,SO,son,1
1991,11,11 years,10-14 years,10-14 years,male,M,parent,DA,daughter,1
1991,11,11 years,10-14 years,10-14 years,male,M,parent,SO,son,3
1991,11,11 years,10-14 years,10-14 years,male,M,stepparent,SS,stepson,1
1991,12,12 years,10-14 years,10-14 years,female,F,parent,DA,daughter,1
1991,12,12 years,10-14 years,10-14 years,female,F,parent,SO,son,3
1991,12,12 years,10-14 years,10-14 years,male,M,parent,DA,daughter,1
1991,12,12 years,10-14 years,10-14 years,male,M,parent,SO,son,2
1991,13,13 years,10-14 years,10-14 years,female,F,parent,SO,son,1
1991,13,13 years,10-14 years,10-14 years,male,M,parent,DA,daughter,1
1991,13,13 years,10-14 years,10-14 years,male,M,parent,SO,son,2
1991,13,13 years,10-14 years,10-14 years,male,M,stepparent,SS,stepson,1
1991,14,14 years,10-14 years,10-14 years,female,F,parent,SO,son,1
1991,14,14 years,10-14 years,10-14 years,male,M,parent,DA,daughter,2
1991,14,14 years,10-14 years,10-14 years,male,M,parent,SO,son,2
1991,14,14 years,10-14 years,10-14 years,male,M,stepparent,SS,stepson,1
1991,15,15 years,15-17 years,15-17 years,male,M,parent,DA,daughter,2
1991,16,16 years,15-17 years,15-17 years,female,F,parent,SO,son,2
1991,16,16 years,15-17 years,15-17 years,male,M,parent,DA,daughter,1
1991,17,17 years,15-17 years,15-17 years,male,M,parent,DA,daughter,1
1991,17,17 years,15-17 years,15-17 years,male,M,parent,SO,son,3
1991,17,17 years,15-17 years,15-17 years,male,M,stepparent,SD,stepdaughter,1
1991,17,17 years,15-17 years,15-17 years,male,M,stepparent,SS,stepson,1
1991,BB,7-364 days,under 1 year,7-364 days,female,F,parent,DA,daughter,34
1991,BB,7-364 days,under 1 year,7-364 days,female,F,parent,SO,son,38
1991,BB,7-364 days,under 1 year,7-364 days,male,M,parent,DA,daughter,43
1991,BB,7-364 days,under 1 year,7-364 days,male,M,parent,SO,son,59
1991,BB,7-364 days,under 1 year,7-364 days,male,M,stepparent,SD,stepdaughter,2
1991,BB,7-364 days,under 1 year,7-364 days,male,M,stepparent,SS,stepson,2
1991,NB,0-6 days,under 1 year,0-6 days,female,F,parent,DA,daughter,23
1991,NB,0-6 days,under 1 year,0-6 days,female,F,parent,SO,son,25
1991,NB,0-6 days,under 1 year,0-6 days,male,M,parent,DA,daughter,2
1991,NB,0-6 days,under 1 year,0-6 days,male,M,parent,SO,son,2
1991,NB,0-6 days,under 1 year,0-6 days,unknown/not specified,U,parent,SO,son,2
1992,01,1 years,1-4 years,1-4 years,female,F,parent,DA,daughter,21
1992,01,1 years,1-4 years,1-4 years,female,F,parent,SO,son,20
1992,01,1 years,1-4 years,1-4 years,female,F,stepparent,SD,stepdaughter,1
1992,01,1 years,1-4 years,1-4 years,female,F,stepparent,SS,stepson,1
1992,01,1 years,1-4 years,1-4 years,male,M,parent,DA,daughter,18
1992,01,1 years,1-4 years,1-4 years,male,M,parent,SO,son,40
1992,01,1 years,1-4 years,1-4 years,male,M,stepparent,SD,stepdaughter,4
1992,01,1 years,1-4 years,1-4 years,male,M,stepparent,SS,stepson,3
1992,01,1 years,1-4 years,1-4 years,unknown/not specified,U,parent,DA,daughter,1
1992,02,2 years,1-4 years,1-4 years,female,F,parent,DA,daughter,7
1992,02,2 years,1-4 years,1-4 years,female,F,parent,SO,son,12
1992,02,2 years,1-4 years,1-4 years,female,F,stepparent,SS,stepson,1
1992,02,2 years,1-4 years,1-4 years,male,M,parent,DA,daughter,10
1992,02,2 years,1-4 years,1-4 years,male,M,parent,SO,son,16
1992,02,2 years,1-4 years,1-4 years,male,M,stepparent,SD,stepdaughter,1
1992,02,2 years,1-4 years,1-4 years,male,M,stepparent,SS,stepson,2
1992,02,2 years,1-4 years,1-4 years,unknown/not specified,U,parent,SO,son,2
1992,03,3 years,1-4 years,1-4 years,female,F,parent,DA,daughter,5
1992,03,3 years,1-4 years,1-4 years,female,F,parent,SO,son,7
1992,03,3 years,1-4 years,1-4 years,male,M,parent,DA,daughter,5
1992,03,3 years,1-4 years,1-4 years,male,M,parent,SO,son,12
1992,03,3 years,1-4 years,1-4 years,male,M,stepparent,SS,stepson,1
1992,04,4 years,1-4 years,1-4 years,female,F,parent,DA,daughter,4
1992,04,4 years,1-4 years,1-4 years,female,F,parent,SO,son,2
1992,04,4 years,1-4 years,1-4 years,male,M,parent,DA,daughter,5
1992,04,4 years,1-4 years,1-4 years,male,M,parent,SO,son,4
1992,04,4 years,1-4 years,1-4 years,male,M,stepparent,SS,stepson,1
1992,04,4 years,1-4 years,1-4 years,unknown/not specified,U,parent,DA,daughter,1
1992,04,4 years,1-4 years,1-4 years,unknown/not specified,U,parent,SO,son,1
1992,05,5 years,5-9 years,5-9 years,female,F,parent,DA,daughter,4
1992,05,5 years,5-9 years,5-9 years,female,F,parent,SO,son,2
1992,05,5 years,5-9 years,5-9 years,male,M,parent,DA,daughter,2
1992,05,5 years,5-9 years,5-9 years,male,M,parent,SO,son,5
1992,06,6 years,5-9 years,5-9 years,female,F,parent,DA,daughter,1
1992,06,6 years,5-9 years,5-9 years,female,F,parent,SO,son,2
1992,06,6 years,5-9 years,5-9 years,male,M,parent,DA,daughter,4
1992,06,6 years,5-9 years,5-9 years,male,M,parent,SO,son,3
1992,07,7 years,5-9 years,5-9 years,female,F,parent,DA,daughter,1
1992,07,7 years,5-9 years,5-9 years,female,F,parent,SO,son,1
1992,07,7 years,5-9 years,5-9 years,male,M,parent,DA,daughter,2
1992,07,7 years,5-9 years,5-9 years,male,M,parent,SO,son,2
1992,07,7 years,5-9 years,5-9 years,male,M,stepparent,SS,stepson,1
1992,08,8 years,5-9 years,5-9 years,female,F,parent,DA,daughter,2
1992,08,8 years,5-9 years,5-9 years,female,F,parent,SO,son,2
1992,08,8 years,5-9 years,5-9 years,male,M,parent,DA,daughter,2
1992,08,8 years,5-9 years,5-9 years,male,M,parent,SO,son,2
1992,09,9 years,5-9 years,5-9 years,female,F,parent,DA,daughter,1
1992,09,9 years,5-9 years,5-9 years,male,M,parent,SO,son,1
1992,09,9 years,5-9 years,5-9 years,male,M,stepparent,SD,stepdaughter,2
1992,09,9 years,5-9 years,5-9 years,male,M,stepparent,SS,stepson,1
1992,10,10 years,10-14 years,10-14 years,female,F,parent,DA,daughter,1
1992,10,10 years,10-14 years,10-14 years,male,M,parent,DA,daughter,3
1992,10,10 years,10-14 years,10-14 years,male,M,parent,SO,son,2
1992,10,10 years,10-14 years,10-14 years,male,M,stepparent,SD,stepdaughter,1
1992,12,12 years,10-14 years,10-14 years,female,F,parent,SO,son,2
1992,12,12 years,10-14 years,10-14 years,female,F,stepparent,SD,stepdaughter,1
1992,12,12 years,10-14 years,10-14 years,male,M,parent,DA,daughter,1
1992,12,12 years,10-14 years,10-14 years,male,M,parent,SO,son,2
1992,12,12 years,10-14 years,10-14 years,male,M,stepparent,SD,stepdaughter,1
1992,13,13 years,10-14 years,10-14 years,female,F,parent,DA,daughter,1
1992,13,13 years,10-14 years,10-14 years,female,F,parent,SO,son,1
1992,13,13 years,10-14 years,10-14 years,male,M,parent,DA,daughter,2
1992,13,13 years,10-14 years,10-14 years,male,M,parent,SO,son,1
1992,13,13 years,10-14 years,10-14 years,male,M,stepparent,SD,stepdaughter,1
1992,14,14 years,10-14 years,10-14 years,male,M,parent,SO,son,1
1992,14,14 years,10-14 years,10-14 years,male,M,stepparent,SD,stepdaughter,2
1992,14,14 years,10-14 years,10-14 years,male,M,stepparent,SS,stepson,3
1992,15,15 years,15-17 years,15-17 years,male,M,parent,SO,son,2
1992,15,15 years,15-17 years,15-17 years,male,M,stepparent,SS,stepson,1
1992,16,16 years,15-17 years,15-17 years,female,F,parent,SO,son,1
1992,16,16 years,15-17 years,15-17 years,male,M,parent,SO,son,1
1992,16,16 years,15-17 years,15-17 years,male,M,stepparent,SD,stepdaughter,1
1992,16,16 years,15-17 years,15-17 years,male,M,stepparent,SS,stepson,1
1992,17,17 years,15-17 years,15-17 years,female,F,parent,SO,son,1
1992,17,17 years,15-17 years,15-17 years,male,M,parent,SO,son,4
1992,BB,7-364 days,under 1 year,7-364 days,female,F,parent,DA,daughter,23
1992,BB,7-364 days,under 1 year,7-364 days,female,F,parent,SO,son,23
1992,BB,7-364 days,under 1 year,7-364 days,male,M,parent,DA,daughter,33
1992,BB,7-364 days,under 1 year,7-364 days,male,M,parent,SO,son,48
1992,BB,7-364 days,under 1 year,7-364 days,male,M,stepparent,SD,stepdaughter,1
1992,BB,7-364 days,under 1 year,7-364 days,male,M,stepparent,SS,stepson,3
1992,BB,7-364 days,under 1 year,7-364 days,unknown/not specified,U,parent,DA,daughter,1
1992,NB,0-6 days,under 1 year,0-6 days,female,F,parent,DA,daughter,18
1992,NB,0-6 days,under 1 year,0-6 days,female,F,parent,SO,son,11
1992,NB,0-6 days,under 1 year,0-6 days,male,M,parent,SO,son,3
1992,NB,0-6 days,under 1 year,0-6 days,unknown/not specified,U,parent,DA,daughter,2
1993,01,1 years,1-4 years,1-4 years,female,F,parent,DA,daughter,27
1993,01,1 years,1-4 years,1-4 years,female,F,parent,SO,son,25
1993,01,1 years,1-4 years,1-4 years,female,F,stepparent,SS,stepson,1
1993,01,1 years,1-4 years,1-4 years,male,M,parent,DA,daughter,25
1993,01,1 years,1-4 years,1-4 years,male,M,parent,SO,son,25
1993,01,1 years,1-4 years,1-4 years,male,M,stepparent,SD,stepdaughter,6
1993,01,1 years,1-4 years,1-4 years,male,M,stepparent,SS,stepson,5
1993,02,2 years,1-4 years,1-4 years,female,F,parent,DA,daughter,12
1993,02,2 years,1-4 years,1-4 years,female,F,parent,SO,son,12
1993,02,2 years,1-4 years,1-4 years,male,M,parent,DA,daughter,13
1993,02,2 years,1-4 years,1-4 years,male,M,parent,SO,son,16
1993,02,2 years,1-4 years,1-4 years,male,M,stepparent,SD,stepdaughter,2
1993,02,2 years,1-4 years,1-4 years,male,M,stepparent,SS,stepson,6
1993,02,2 years,1-4 years,1-4 years,unknown/not specified,U,parent,DA,daughter,1
1993,03,3 years,1-4 years,1-4 years,female,F,parent,DA,daughter,6
1993,03,3 years,1-4 years,1-4 years,female,F,parent,SO,son,7
1993,03,3 years,1-4 years,1-4 years,female,F,stepparent,SD,stepdaughter,2
1993,03,3 years,1-4 years,1-4 years,female,F,stepparent,SS,stepson,1
1993,03,3 years,1-4 years,1-4 years,male,M,parent,DA,daughter,9
1993,03,3 years,1-4 years,1-4 years,male,M,parent,SO,son,7
1993,03,3 years,1-4 years,1-4 years,male,M,stepparent,SD,stepdaughter,1
1993,04,4 years,1-4 years,1-4 years,female,F,parent,DA,daughter,1
1993,04,4 years,1-4 years,1-4 years,female,F,parent,SO,son,3
1993,04,4 years,1-4 years,1-4 years,male,M,parent,DA,daughter,3
1993,04,4 years,1-4 years,1-4 years,male,M,parent,SO,son,6
1993,04,4 years,1-4 years,1-4 years,male,M,stepparent,SS,stepson,1
1993,05,5 years,5-9 years,5-9 years,female,F,parent,DA,daughter,4
1993,05,5 years,5-9 years,5-9 years,female,F,parent,SO,son,2
1993,05,5 years,5-9 years,5-9 years,male,M,parent,DA,daughter,5
1993,05,5 years,5-9 years,5-9 years,male,M,parent,SO,son,1
1993,05,5 years,5-9 years,5-9 years,male,M,stepparent,SS,stepson,1
1993,06,6 years,5-9 years,5-9 years,female,F,parent,DA,daughter,1
1993,06,6 years,5-9 years,5-9 years,female,F,parent,SO,son,2
1993,06,6 years,5-9 years,5-9 years,male,M,parent,DA,daughter,1
1993,06,6 years,5-9 years,5-9 years,male,M,stepparent,SD,stepdaughter,1
1993,07,7 years,5-9 years,5-9 years,female,F,parent,DA,daughter,1
1993,07,7 years,5-9 years,5-9 years,female,F,parent,SO,son,1
1993,07,7 years,5-9 years,5-9 years,male,M,parent,DA,daughter,1
1993,07,7 years,5-9 years,5-9 years,male,M,parent,SO,son,2
1993,08,8 years,5-9 years,5-9 years,female,F,parent,DA,daughter,1
1993,08,8 years,5-9 years,5-9 years,male,M,parent,DA,daughter,3
1993,08,8 years,5-9 years,5-9 years,male,M,parent,SO,son,3
1993,08,8 years,5-9 years,5-9 years,male,M,stepparent,SD,stepdaughter,1
1993,09,9 years,5-9 years,5-9 years,female,F,parent,DA,daughter,1
1993,09,9 years,5-9 years,5-9 years,male,M,parent,SO,son,3
1993,09,9 years,5-9 years,5-9 years,male,M,stepparent,SD,stepdaughter,1
1993,10,10 years,10-14 years,10-14 years,female,F,parent,DA,daughter,1
1993,10,10 years,10-14 years,10-14 years,female,F,parent,SO,son,1
1993,10,10 years,10-14 years,10-14 years,male,M,parent,DA,daughter,1
1993,10,10 years,10-14 years,10-14 years,male,M,parent,SO,son,1
1993,10,10 years,10-14 years,10-14 years,male,M,stepparent,SS,stepson,3
1993,11,11 years,10-14 years,10-14 years,male,M,parent,DA,daughter,1
1993,12,12 years,10-14 years,10-14 years,female,F,parent,DA,daughter,1
1993,12,12 years,10-14 years,10-14 years,female,F,parent,SO,son,1
1993,12,12 years,10-14 years,10-14 years,female,F,stepparent,SS,stepson,1
1993,12,12 years,10-14 years,10-14 years,male,M,parent,DA,daughter,2
1993,12,12 years,10-14 years,10-14 years,male,M,parent,SO,son,2
1993,12,12 years,10-14 years,10-14 years,male,M,stepparent,SS,stepson,1
1993,13,13 years,10-14 years,10-14 years,female,F,parent,DA,daughter,1
1993,13,13 years,10-14 years,10-14 years,female,F,parent,SO,son,1
1993,13,13 years,10-14 years,10-14 years,male,M,parent,SO,son,3
1993,13,13 years,10-14 years,10-14 years,male,M,stepparent,SD,stepdaughter,1
1993,14,14 years,10-14 years,10-14 years,male,M,parent,DA,daughter,1
1993,14,14 years,10-14 years,10-14 years,male,M,parent,SO,son,2
1993,14,14 years,10-14 years,10-14 years,male,M,stepparent,SD,stepdaughter,2
1993,14,14 years,10-14 years,10-14 years,male,M,stepparent,SS,stepson,2
1993,15,15 years,15-17 years,15-17 years,female,F,parent,SO,son,1
1993,15,15 years,15-17 years,15-17 years,male,M,parent,DA,daughter,1
1993,15,15 years,15-17 years,15-17 years,male,M,parent,SO,son,2
1993,15,15 years,15-17 years,15-17 years,male,M,stepparent,SS,stepson,1
1993,16,16 years,15-17 years,15-17 years,male,M,parent,DA,daughter,1
1993,16,16 years,15-17 years,15-17 years,male,M,parent,SO,son,1
1993,16,16 years,15-17 years,15-17 years,male,M,stepparent,SD,stepdaughter,1
1993,17,17 years,15-17 years,15-17 years,female,F,parent,DA,daughter,1
1993,17,17 years,15-17 years,15-17 years,male,M,parent,SO,son,1
1993,17,17 years,15-17 years,15-17 years,male,M,stepparent,SS,stepson,1
1993,BB,7-364 days,under 1 year,7-364 days,female,F,parent,DA,daughter,18
1993,BB,7-364 days,under 1 year,7-364 days,female,F,parent,SO,son,19
1993,BB,7-364 days,under 1 year,7-364 days,male,M,parent,DA,daughter,37
1993,BB,7-364 days,under 1 year,7-364 days,male,M,parent,SO,son,51
1993,BB,7-364 days,under 1 year,7-364 days,male,M,stepparent,SD,stepdaughter,1
1993,BB,7-364 days,under 1 year,7-364 days,male,M,stepparent,SS,stepson,2
1993,BB,7-364 days,under 1 year,7-364 days,unknown/not specified,U,parent,SO,son,2
1993,NB,0-6 days,under 1 year,0-6 days,female,F,parent,DA,daughter,15
1993,NB,0-6 days,under 1 year,0-6 days,female,F,parent,SO,son,22
1993,NB,0-6 days,under 1 year,0-6 days,male,M,parent,DA,daughter,1
1993,NB,0-6 days,under 1 year,0-6 days,male,M,parent,SO,son,2
1993,NB,0-6 days,under 1 year,0-6 days,unknown/not specified,U,parent,SO,son,1
1994,01,1 years,1-4 years,1-4 years,female,F,parent,DA,daughter,20
1994,01,1 years,1-4 years,1-4 years,female,F,parent,SO,son,22
1994,01,1 years,1-4 years,1-4 years,male,M,parent,DA,daughter,14
1994,01,1 years,1-4 years,1-4 years,male,M,parent,SO,son,28
1994,01,1 years,1-4 years,1-4 years,male,M,stepparent,SD,stepdaughter,1
1994,01,1 years,1-4 years,1-4 years,male,M,stepparent,SS,stepson,3
1994,02,2 years,1-4 years,1-4 years,female,F,parent,DA,daughter,16
1994,02,2 years,1-4 years,1-4 years,female,F,parent,SO,son,20
1994,02,2 years,1-4 years,1-4 years,female,F,stepparent,SS,stepson,1
1994,02,2 years,1-4 years,1-4 years,male,M,parent,DA,daughter,5
1994,02,2 years,1-4 years,1-4 years,male,M,parent,SO,son,17
1994,02,2 years,1-4 years,1-4 years,male,M,stepparent,SD,stepdaughter,6
1994,02,2 years,1-4 years,1-4 years,male,M,stepparent,SS,stepson,9
1994,03,3 years,1-4 years,1-4 years,female,F,parent,DA,daughter,7
1994,03,3 years,1-4 years,1-4 years,female,F,parent,SO,son,10
1994,03,3 years,1-4 years,1-4 years,male,M,parent,DA,daughter,7
1994,03,3 years,1-4 years,1-4 years,male,M,parent,SO,son,8
1994,03,3 years,1-4 years,1-4 years,male,M,stepparent,SD,stepdaughter,2
1994,03,3 years,1-4 years,1-4 years,male,M,stepparent,SS,stepson,2
1994,04,4 years,1-4 years,1-4 years,female,F,parent,DA,daughter,11
1994,04,4 years,1-4 years,1-4 years,female,F,parent,SO,son,4
1994,04,4 years,1-4 years,1-4 years,male,M,parent,DA,daughter,4
1994,04,4 years,1-4 years,1-4 years,male,M,parent,SO,son,2
1994,04,4 years,1-4 years,1-4 years,male,M,stepparent,SD,stepdaughter,2
1994,05,5 years,5-9 years,5-9 years,female,F,parent,DA,daughter,2
1994,05,5 years,5-9 years,5-9 years,female,F,parent,SO,son,3
1994,05,5 years,5-9 years,5-9 years,female,F,stepparent,SD,stepdaughter,1
1994,05,5 years,5-9 years,5-9 years,male,M,parent,DA,daughter,2
1994,05,5 years,5-9 years,5-9 years,male,M,parent,SO,son,2
1994,06,6 years,5-9 years,5-9 years,female,F,parent,DA,daughter,1
1994,06,6 years,5-9 years,5-9 years,female,F,parent,SO,son,1
1994,06,6 years,5-9 years,5-9 years,male,M,parent,DA,daughter,1
1994,06,6 years,5-9 years,5-9 years,male,M,parent,SO,son,2
1994,06,6 years,5-9 years,5-9 years,unknown/not specified,U,parent,DA,daughter,1
1994,07,7 years,5-9 years,5-9 years,female,F,parent,DA,daughter,1
1994,07,7 years,5-9 years,5-9 years,male,M,parent,DA,daughter,2
1994,07,7 years,5-9 years,5-9 years,male,M,parent,SO,son,2
1994,08,8 years,5-9 years,5-9 years,female,F,parent,SO,son,2
1994,08,8 years,5-9 years,5-9 years,male,M,parent,DA,daughter,3
1994,08,8 years,5-9 years,5-9 years,male,M,parent,SO,son,1
1994,09,9 years,5-9 years,5-9 years,female,F,parent,DA,daughter,4
1994,09,9 years,5-9 years,5-9 years,female,F,parent,SO,son,2
1994,09,9 years,5-9 years,5-9 years,male,M,parent,DA,daughter,3
1994,09,9 years,5-9 years,5-9 years,male,M,parent,SO,son,2
1994,10,10 years,10-14 years,10-14 years,female,F,parent,SO,son,1
1994,10,10 years,10-14 years,10-14 years,male,M,parent,SO,son,2
1994,12,12 years,10-14 years,10-14 years,female,F,parent,DA,daughter,1
1994,12,12 years,10-14 years,10-14 years,male,M,parent,DA,daughter,1
1994,13,13 years,10-14 years,10-14 years,male,M,parent,SO,son,1
1994,13,13 years,10-14 years,10-14 years,male,M,stepparent,SS,stepson,1
1994,14,14 years,10-14 years,10-14 years,male,M,parent,DA,daughter,3
1994,15,15 years,15-17 years,15-17 years,male,M,parent,SO,son,1
1994,15,15 years,15-17 years,15-17 years,male,M,stepparent,SS,stepson,1
1994,16,16 years,15-17 years,15-17 years,male,M,parent,DA,daughter,1
1994,16,16 years,15-17 years,15-17 years,male,M,parent,SO,son,1
1994,16,16 years,15-17 years,15-17 years,male,M,stepparent,SS,stepson,1
1994,17,17 years,15-17 years,15-17 years,male,M,parent,SO,son,1
1994,17,17 years,15-17 years,15-17 years,male,M,stepparent,SD,stepdaughter,2
1994,BB,7-364 days,under 1 year,7-364 days,female,F,parent,DA,daughter,25
1994,BB,7-364 days,under 1 year,7-364 days,female,F,parent,SO,son,35
1994,BB,7-364 days,under 1 year,7-364 days,female,F,stepparent,SS,stepson,1
1994,BB,7-364 days,under 1 year,7-364 days,male,M,parent,DA,daughter,32
1994,BB,7-364 days,under 1 year,7-364 days,male,M,parent,SO,son,46
1994,BB,7-364 days,under 1 year,7-364 days,male,M,stepparent,SD,stepdaughter,1
1994,BB,7-364 days,under 1 year,7-364 days,male,M,stepparent,SS,stepson,3
1994,BB,7-364 days,under 1 year,7-364 days,unknown/not specified,U,parent,DA,daughter,1
1994,NB,0-6 days,under 1 year,0-6 days,female,F,parent,DA,daughter,19
1994,NB,0-6 days,under 1 year,0-6 days,female,F,parent,SO,son,16
1994,NB,0-6 days,under 1 year,0-6 days,male,M,parent,SO,son,3
1994,NB,0-6 days,under 1 year,0-6 days,unknown/not specified,U,parent,DA,daughter,2
1995,01,1 years,1-4 years,1-4 years,female,F,parent,DA,daughter,26
1995,01,1 years,1-4 years,1-4 years,female,F,parent,SO,son,26
1995,01,1 years,1-4 years,1-4 years,male,M,parent,DA,daughter,19
1995,01,1 years,1-4 years,1-4 years,male,M,parent,SO,son,26
1995,01,1 years,1-4 years,1-4 years,male,M,stepparent,SD,stepdaughter,3
1995,01,1 years,1-4 years,1-4 years,male,M,stepparent,SS,stepson,2
1995,02,2 years,1-4 years,1-4 years,female,F,parent,DA,daughter,15
1995,02,2 years,1-4 years,1-4 years,female,F,parent,SO,son,18
1995,02,2 years,1-4 years,1-4 years,male,M,parent,DA,daughter,11
1995,02,2 years,1-4 years,1-4 years,male,M,parent,SO,son,13
1995,02,2 years,1-4 years,1-4 years,male,M,stepparent,SD,stepdaughter,4
1995,02,2 years,1-4 years,1-4 years,male,M,stepparent,SS,stepson,2
1995,03,3 years,1-4 years,1-4 years,female,F,parent,DA,daughter,6
1995,03,3 years,1-4 years,1-4 years,female,F,parent,SO,son,3
1995,03,3 years,1-4 years,1-4 years,male,M,parent,DA,daughter,3
1995,03,3 years,1-4 years,1-4 years,male,M,parent,SO,son,11
1995,03,3 years,1-4 years,1-4 years,male,M,stepparent,SS,stepson,4
1995,04,4 years,1-4 years,1-4 years,female,F,parent,DA,daughter,6
1995,04,4 years,1-4 years,1-4 years,female,F,parent,SO,son,4
1995,04,4 years,1-4 years,1-4 years,male,M,parent,DA,daughter,9
1995,04,4 years,1-4 years,1-4 years,male,M,parent,SO,son,2
1995,04,4 years,1-4 years,1-4 years,male,M,stepparent,SS,stepson,1
1995,05,5 years,5-9 years,5-9 years,female,F,parent,DA,daughter,3
1995,05,5 years,5-9 years,5-9 years,female,F,parent,SO,son,3
1995,05,5 years,5-9 years,5-9 years,male,M,parent,DA,daughter,2
1995,05,5 years,5-9 years,5-9 years,male,M,parent,SO,son,2
1995,05,5 years,5-9 years,5-9 years,male,M,stepparent,SD,stepdaughter,1
1995,05,5 years,5-9 years,5-9 years,male,M,stepparent,SS,stepson,1
1995,06,6 years,5-9 years,5-9 years,female,F,parent,SO,son,1
1995,06,6 years,5-9 years,5-9 years,male,M,parent,SO,son,1
1995,07,7 years,5-9 years,5-9 years,female,F,parent,DA,daughter,2
1995,07,7 years,5-9 years,5-9 years,male,M,parent,SO,son,2
1995,08,8 years,5-9 years,5-9 years,female,F,parent,DA,daughter,2
1995,08,8 years,5-9 years,5-9 years,female,F,parent,SO,son,1
1995,08,8 years,5-9 years,5-9 years,male,M,parent,DA,daughter,3
1995,09,9 years,5-9 years,5-9 years,female,F,parent,DA,daughter,1
1995,09,9 years,5-9 years,5-9 years,female,F,parent,SO,son,1
1995,09,9 years,5-9 years,5-9 years,male,M,parent,DA,daughter,1
1995,09,9 years,5-9 years,5-9 years,male,M,parent,SO,son,1
1995,09,9 years,5-9 years,5-9 years,male,M,stepparent,SD,stepdaughter,1
1995,11,11 years,10-14 years,10-14 years,male,M,parent,DA,daughter,1
1995,11,11 years,10-14 years,10-14 years,male,M,parent,SO,son,3
1995,11,11 years,10-14 years,10-14 years,male,M,stepparent,SS,stepson,1
1995,12,12 years,10-14 years,10-14 years,female,F,parent,DA,daughter,1
1995,12,12 years,10-14 years,10-14 years,female,F,parent,SO,son,1
1995,12,12 years,10-14 years,10-14 years,male,M,parent,DA,daughter,1
1995,12,12 years,10-14 years,10-14 years,male,M,parent,SO,son,1
1995,12,12 years,10-14 years,10-14 years,male,M,stepparent,SD,stepdaughter,1
1995,13,13 years,10-14 years,10-14 years,male,M,parent,DA,daughter,1
1995,13,13 years,10-14 years,10-14 years,male,M,parent,SO,son,1
1995,14,14 years,10-14 years,10-14 years,female,F,parent,DA,daughter,2
1995,14,14 years,10-14 years,10-14 years,male,M,parent,DA,daughter,1
1995,14,14 years,10-14 years,10-14 years,male,M,parent,SO,son,1
1995,14,14 years,10-14 years,10-14 years,male,M,stepparent,SD,stepdaughter,2
1995,14,14 years,10-14 years,10-14 years,male,M,stepparent,SS,stepson,1
1995,15,15 years,15-17 years,15-17 years,female,F,parent,SO,son,1
1995,15,15 years,15-17 years,15-17 years,male,M,parent,DA,daughter,1
1995,15,15 years,15-17 years,15-17 years,male,M,parent,SO,son,2
1995,15,15 years,15-17 years,15-17 years,male,M,stepparent,SD,stepdaughter,2
1995,16,16 years,15-17 years,15-17 years,female,F,parent,DA,daughter,1
1995,16,16 years,15-17 years,15-17 years,male,M,parent,DA,daughter,4
1995,16,16 years,15-17 years,15-17 years,male,M,parent,SO,son,1
1995,17,17 years,15-17 years,15-17 years,female,F,parent,SO,son,1
1995,17,17 years,15-17 years,15-17 years,male,M,parent,SO,son,2
1995,17,17 years,15-17 years,15-17 years,male,M,stepparent,SD,stepdaughter,1
1995,BB,7-364 days,under 1 year,7-364 days,female,F,parent,DA,daughter,18
1995,BB,7-364 days,under 1 year,7-364 days,female,F,parent,SO,son,20
1995,BB,7-364 days,under 1 year,7-364 days,female,F,stepparent,SS,stepson,1
1995,BB,7-364 days,under 1 year,7-364 days,male,M,parent,DA,daughter,34
1995,BB,7-364 days,under 1 year,7-364 days,male,M,parent,SO,son,44
1995,BB,7-364 days,under 1 year,7-364 days,male,M,stepparent,SD,stepdaughter,3
1995,BB,7-364 days,under 1 year,7-364 days,unknown/not specified,U,parent,SO,son,1
1995,NB,0-6 days,under 1 year,0-6 days,female,F,parent,DA,daughter,17
1995,NB,0-6 days,under 1 year,0-6 days,female,F,parent,SO,son,19
1995,NB,0-6 days,under 1 year,0-6 days,male,M,parent,DA,daughter,1
1995,NB,0-6 days,under 1 year,0-6 days,male,M,parent,SO,son,4
1996,01,1 years,1-4 years,1-4 years,female,F,parent,DA,daughter,18
1996,01,1 years,1-4 years,1-4 years,female,F,parent,SO,son,22
1996,01,1 years,1-4 years,1-4 years,male,M,parent,DA,daughter,17
1996,01,1 years,1-4 years,1-4 years,male,M,parent,SO,son,25
1996,01,1 years,1-4 years,1-4 years,male,M,stepparent,SD,stepdaughter,1
1996,01,1 years,1-4 years,1-4 years,male,M,stepparent,SS,stepson,2
1996,01,1 years,1-4 years,1-4 years,unknown/not specified,U,parent,SO,son,3
1996,02,2 years,1-4 years,1-4 years,female,F,parent,DA,daughter,8
1996,02,2 years,1-4 years,1-4 years,female,F,parent,SO,son,9
1996,02,2 years,1-4 years,1-4 years,female,F,stepparent,SD,stepdaughter,1
1996,02,2 years,1-4 years,1-4 years,male,M,parent,DA,daughter,5
1996,02,2 years,1-4 years,1-4 years,male,M,parent,SO,son,9
1996,02,2 years,1-4 years,1-4 years,male,M,stepparent,SS,stepson,2
1996,03,3 years,1-4 years,1-4 years,female,F,parent,DA,daughter,7
1996,03,3 years,1-4 years,1-4 years,female,F,parent,SO,son,12
1996,03,3 years,1-4 years,1-4 years,female,F,stepparent,SD,stepdaughter,1
1996,03,3 years,1-4 years,1-4 years,male,M,parent,DA,daughter,13
1996,03,3 years,1-4 years,1-4 years,male,M,parent,SO,son,4
1996,03,3 years,1-4 years,1-4 years,male,M,stepparent,SS,stepson,1
1996,04,4 years,1-4 years,1-4 years,female,F,parent,DA,daughter,7
1996,04,4 years,1-4 years,1-4 years,female,F,parent,SO,son,3
1996,04,4 years,1-4 years,1-4 years,male,M,parent,DA,daughter,2
1996,04,4 years,1-4 years,1-4 years,male,M,parent,SO,son,7
1996,04,4 years,1-4 years,1-4 years,male,M,stepparent,SD,stepdaughter,1
1996,04,4 years,1-4 years,1-4 years,male,M,stepparent,SS,stepson,2
1996,05,5 years,5-9 years,5-9 years,female,F,parent,DA,daughter,4
1996,05,5 years,5-9 years,5-9 years,female,F,parent,SO,son,3
1996,05,5 years,5-9 years,5-9 years,male,M,parent,DA,daughter,2
1996,05,5 years,5-9 years,5-9 years,male,M,parent,SO,son,3
1996,05,5 years,5-9 years,5-9 years,male,M,stepparent,SD,stepdaughter,2
1996,06,6 years,5-9 years,5-9 years,female,F,parent,DA,daughter,3
1996,06,6 years,5-9 years,5-9 years,female,F,parent,SO,son,2
1996,06,6 years,5-9 years,5-9 years,male,M,parent,DA,daughter,2
1996,06,6 years,5-9 years,5-9 years,male,M,parent,SO,son,3
1996,06,6 years,5-9 years,5-9 years,male,M,stepparent,SS,stepson,1
1996,07,7 years,5-9 years,5-9 years,female,F,parent,DA,daughter,1
1996,07,7 years,5-9 years,5-9 years,male,M,parent,SO,son,2
1996,07,7 years,5-9 years,5-9 years,male,M,stepparent,SS,stepson,1
1996,08,8 years,5-9 years,5-9 years,female,F,parent,SO,son,4
1996,08,8 years,5-9 years,5-9 years,male,M,parent,SO,son,3
1996,09,9 years,5-9 years,5-9 years,male,M,parent,SO,son,2
1996,09,9 years,5-9 years,5-9 years,male,M,stepparent,SD,stepdaughter,1
1996,10,10 years,10-14 years,10-14 years,male,M,parent,DA,daughter,1
1996,11,11 years,10-14 years,10-14 years,male,M,stepparent,SD,stepdaughter,1
1996,12,12 years,10-14 years,10-14 years,female,F,parent,SO,son,1
1996,12,12 years,10-14 years,10-14 years,male,M,stepparent,SD,stepdaughter,1
1996,13,13 years,10-14 years,10-14 years,male,M,parent,SO,son,1
1996,13,13 years,10-14 years,10-14 years,male,M,stepparent,SD,stepdaughter,1
1996,14,14 years,10-14 years,10-14 years,male,M,parent,SO,son,2
1996,14,14 years,10-14 years,10-14 years,male,M,stepparent,SS,stepson,1
1996,15,15 years,15-17 years,15-17 years,male,M,parent,SO,son,1
1996,15,15 years,15-17 years,15-17 years,male,M,stepparent,SD,stepdaughter,1
1996,16,16 years,15-17 years,15-17 years,female,F,parent,DA,daughter,1
1996,16,16 years,15-17 years,15-17 years,male,M,parent,DA,daughter,2
1996,16,16 years,15-17 years,15-17 years,male,M,stepparent,SD,stepdaughter,2
1996,16,16 years,15-17 years,15-17 years,male,M,stepparent,SS,stepson,1
1996,17,17 years,15-17 years,15-17 years,female,F,stepparent,SS,stepson,1
1996,17,17 years,15-17 years,15-17 years,male,M,parent,SO,son,1
1996,BB,7-364 days,under 1 year,7-364 days,female,F,parent,DA,daughter,33
1996,BB,7-364 days,under 1 year,7-364 days,female,F,parent,SO,son,28
1996,BB,7-364 days,under 1 year,7-364 days,male,M,parent,DA,daughter,40
1996,BB,7-364 days,under 1 year,7-364 days,male,M,parent,SO,son,40
1996,BB,7-364 days,under 1 year,7-364 days,male,M,stepparent,SD,stepdaughter,2
1996,BB,7-364 days,under 1 year,7-364 days,male,M,stepparent,SS,stepson,2
1996,BB,7-364 days,under 1 year,7-364 days,unknown/not specified,U,parent,DA,daughter,2
1996,NB,0-6 days,under 1 year,0-6 days,female,F,parent,DA,daughter,16
1996,NB,0-6 days,under 1 year,0-6 days,female,F,parent,SO,son,14
1996,NB,0-6 days,under 1 year,0-6 days,male,M,parent,DA,daughter,2
1996,NB,0-6 days,under 1 year,0-6 days,male,M,parent,SO,son,6
1996,NB,0-6 days,under 1 year,0-6 days,male,M,stepparent,SS,stepson,1
1996,NB,0-6 days,under 1 year,0-6 days,unknown/not specified,U,parent,DA,daughter,2
1996,NB,0-6 days,under 1 year,0-6 days,unknown/not specified,U,parent,SO,son,3
1997,01,1 years,1-4 years,1-4 years,female,F,parent,DA,daughter,20
1997,01,1 years,1-4 years,1-4 years,female,F,parent,SO,son,12
1997,01,1 years,1-4 years,1-4 years,male,M,parent,DA,daughter,23
1997,01,1 years,1-4 years,1-4 years,male,M,parent,SO,son,17
1997,01,1 years,1-4 years,1-4 years,male,M,stepparent,SS,stepson,6
1997,02,2 years,1-4 years,1-4 years,female,F,parent,DA,daughter,10
1997,02,2 years,1-4 years,1-4 years,female,F,parent,SO,son,9
1997,02,2 years,1-4 years,1-4 years,female,F,stepparent,SS,stepson,1
1997,02,2 years,1-4 years,1-4 years,male,M,parent,DA,daughter,9
1997,02,2 years,1-4 years,1-4 years,male,M,parent,SO,son,7
1997,02,2 years,1-4 years,1-4 years,male,M,stepparent,SD,stepdaughter,1
1997,02,2 years,1-4 years,1-4 years,male,M,stepparent,SS,stepson,4
1997,03,3 years,1-4 years,1-4 years,female,F,parent,DA,daughter,9
1997,03,3 years,1-4 years,1-4 years,female,F,parent,SO,son,9
1997,03,3 years,1-4 years,1-4 years,female,F,stepparent,SS,stepson,1
1997,03,3 years,1-4 years,1-4 years,male,M,parent,DA,daughter,1
1997,03,3 years,1-4 years,1-4 years,male,M,parent,SO,son,10
1997,03,3 years,1-4 years,1-4 years,male,M,stepparent,SD,stepdaughter,2
1997,03,3 years,1-4 years,1-4 years,male,M,stepparent,SS,stepson,1
1997,04,4 years,1-4 years,1-4 years,female,F,parent,DA,daughter,9
1997,04,4 years,1-4 years,1-4 years,female,F,parent,SO,son,4
1997,04,4 years,1-4 years,1-4 years,female,F,stepparent,SS,stepson,1
1997,04,4 years,1-4 years,1-4 years,male,M,parent,DA,daughter,3
1997,04,4 years,1-4 years,1-4 years,male,M,parent,SO,son,1
1997,04,4 years,1-4 years,1-4 years,male,M,stepparent,SD,stepdaughter,1
1997,05,5 years,5-9 years,5-9 years,female,F,parent,DA,daughter,4
1997,05,5 years,5-9 years,5-9 years,female,F,parent,SO,son,1
1997,05,5 years,5-9 years,5-9 years,female,F,stepparent,SS,stepson,1
1997,05,5 years,5-9 years,5-9 years,male,M,parent,DA,daughter,1
1997,05,5 years,5-9 years,5-9 years,male,M,parent,SO,son,5
1997,06,6 years,5-9 years,5-9 years,female,F,parent,DA,daughter,3
1997,06,6 years,5-9 years,5-9 years,female,F,parent,SO,son,3
1997,06,6 years,5-9 years,5-9 years,female,F,stepparent,SD,stepdaughter,1
1997,06,6 years,5-9 years,5-9 years,male,M,parent,DA,daughter,3
1997,06,6 years,5-9 years,5-9 years,male,M,parent,SO,son,3
1997,07,7 years,5-9 years,5-9 years,female,F,parent,DA,daughter,2
1997,07,7 years,5-9 years,5-9 years,male,M,parent,SO,son,1
1997,08,8 years,5-9 years,5-9 years,female,F,parent,DA,daughter,1
1997,08,8 years,5-9 years,5-9 years,female,F,parent,SO,son,4
1997,08,8 years,5-9 years,5-9 years,female,F,stepparent,SS,stepson,1
1997,08,8 years,5-9 years,5-9 years,male,M,parent,DA,daughter,2
1997,08,8 years,5-9 years,5-9 years,male,M,parent,SO,son,3
1997,09,9 years,5-9 years,5-9 years,female,F,parent,DA,daughter,2
1997,09,9 years,5-9 years,5-9 years,female,F,parent,SO,son,3
1997,09,9 years,5-9 years,5-9 years,male,M,parent,DA,daughter,4
1997,09,9 years,5-9 years,5-9 years,male,M,parent,SO,son,1
1997,10,10 years,10-14 years,10-14 years,female,F,parent,DA,daughter,2
1997,10,10 years,10-14 years,10-14 years,male,M,parent,DA,daughter,1
1997,10,10 years,10-14 years,10-14 years,male,M,parent,SO,son,5
1997,11,11 years,10-14 years,10-14 years,female,F,parent,SO,son,2
1997,11,11 years,10-14 years,10-14 years,male,M,parent,SO,son,1
1997,12,12 years,10-14 years,10-14 years,female,F,parent,DA,daughter,1
1997,13,13 years,10-14 years,10-14 years,female,F,parent,DA,daughter,1
1997,13,13 years,10-14 years,10-14 years,male,M,parent,DA,daughter,2
1997,14,14 years,10-14 years,10-14 years,female,F,parent,SO,son,1
1997,14,14 years,10-14 years,10-14 years,male,M,parent,DA,daughter,1
1997,14,14 years,10-14 years,10-14 years,male,M,parent,SO,son,1
1997,14,14 years,10-14 years,10-14 years,male,M,stepparent,SD,stepdaughter,2
1997,15,15 years,15-17 years,15-17 years,male,M,parent,DA,daughter,1
1997,15,15 years,15-17 years,15-17 years,male,M,parent,SO,son,2
1997,15,15 years,15-17 years,15-17 years,male,M,stepparent,SD,stepdaughter,1
1997,16,16 years,15-17 years,15-17 years,male,M,parent,DA,daughter,1
1997,16,16 years,15-17 years,15-17 years,male,M,parent,SO,son,1
1997,17,17 years,15-17 years,15-17 years,female,F,parent,DA,daughter,1
1997,17,17 years,15-17 years,15-17 years,male,M,parent,DA,daughter,1
1997,17,17 years,15-17 years,15-17 years,male,M,parent,SO,son,1
1997,17,17 years,15-17 years,15-17 years,male,M,stepparent,SD,stepdaughter,1
1997,BB,7-364 days,under 1 year,7-364 days,female,F,parent,DA,daughter,18
1997,BB,7-364 days,under 1 year,7-364 days,female,F,parent,SO,son,29
1997,BB,7-364 days,under 1 year,7-364 days,male,M,parent,DA,daughter,27
1997,BB,7-364 days,under 1 year,7-364 days,male,M,parent,SO,son,46
1997,BB,7-364 days,under 1 year,7-364 days,male,M,stepparent,SD,stepdaughter,1
1997,BB,7-364 days,under 1 year,7-364 days,unknown/not specified,U,parent,SO,son,1
1997,NB,0-6 days,under 1 year,0-6 days,female,F,parent,DA,daughter,15
1997,NB,0-6 days,under 1 year,0-6 days,female,F,parent,SO,son,23
1997,NB,0-6 days,under 1 year,0-6 days,male,M,parent,DA,daughter,1
1997,NB,0-6 days,under 1 year,0-6 days,male,M,parent,SO,son,6
1997,NB,0-6 days,under 1 year,0-6 days,unknown/not specified,U,parent,DA,daughter,1
1997,NB,0-6 days,under 1 year,0-6 days,unknown/not specified,U,parent,SO,son,1
1998,01,1 years,1-4 years,1-4 years,female,F,parent,DA,daughter,16
1998,01,1 years,1-4 years,1-4 years,female,F,parent,SO,son,14
1998,01,1 years,1-4 years,1-4 years,male,M,parent,DA,daughter,16
1998,01,1 years,1-4 years,1-4 years,male,M,parent,SO,son,17
1998,01,1 years,1-4 years,1-4 years,male,M,stepparent,SD,stepdaughter,1
1998,01,1 years,1-4 years,1-4 years,male,M,stepparent,SS,stepson,3
1998,02,2 years,1-4 years,1-4 years,female,F,parent,DA,daughter,8
1998,02,2 years,1-4 years,1-4 years,female,F,parent,SO,son,13
1998,02,2 years,1-4 years,1-4 years,male,M,parent,DA,daughter,5
1998,02,2 years,1-4 years,1-4 years,male,M,parent,SO,son,12
1998,02,2 years,1-4 years,1-4 years,male,M,stepparent,SD,stepdaughter,4
1998,02,2 years,1-4 years,1-4 years,male,M,stepparent,SS,stepson,2
1998,03,3 years,1-4 years,1-4 years,female,F,parent,DA,daughter,8
1998,03,3 years,1-4 years,1-4 years,female,F,parent,SO,son,13
1998,03,3 years,1-4 years,1-4 years,male,M,parent,DA,daughter,7
1998,03,3 years,1-4 years,1-4 years,male,M,parent,SO,son,8
1998,03,3 years,1-4 years,1-4 years,male,M,stepparent,SD,stepdaughter,3
1998,03,3 years,1-4 years,1-4 years,male,M,stepparent,SS,stepson,2
1998,04,4 years,1-4 years,1-4 years,female,F,parent,DA,daughter,4
1998,04,4 years,1-4 years,1-4 years,female,F,parent,SO,son,3
1998,04,4 years,1-4 years,1-4 years,male,M,parent,DA,daughter,2
1998,04,4 years,1-4 years,1-4 years,male,M,parent,SO,son,6
1998,04,4 years,1-4 years,1-4 years,male,M,stepparent,SS,stepson,1
1998,05,5 years,5-9 years,5-9 years,female,F,parent,DA,daughter,5
1998,05,5 years,5-9 years,5-9 years,female,F,parent,SO,son,4
1998,05,5 years,5-9 years,5-9 years,male,M,parent,DA,daughter,2
1998,05,5 years,5-9 years,5-9 years,male,M,parent,SO,son,5
1998,05,5 years,5-9 years,5-9 years,male,M,stepparent,SS,stepson,1
1998,06,6 years,5-9 years,5-9 years,female,F,parent,DA,daughter,5
1998,06,6 years,5-9 years,5-9 years,female,F,parent,SO,son,1
1998,06,6 years,5-9 years,5-9 years,male,M,parent,DA,daughter,3
1998,07,7 years,5-9 years,5-9 years,female,F,parent,DA,daughter,3
1998,07,7 years,5-9 years,5-9 years,male,M,parent,DA,daughter,3
1998,08,8 years,5-9 years,5-9 years,female,F,parent,DA,daughter,1
1998,08,8 years,5-9 years,5-9 years,female,F,parent,SO,son,1
1998,08,8 years,5-9 years,5-9 years,male,M,parent,SO,son,3
1998,08,8 years,5-9 years,5-9 years,male,M,stepparent,SS,stepson,1
1998,09,9 years,5-9 years,5-9 years,female,F,parent,DA,daughter,2
1998,09,9 years,5-9 years,5-9 years,male,M,parent,DA,daughter,1
1998,10,10 years,10-14 years,10-14 years,female,F,parent,DA,daughter,1
1998,10,10 years,10-14 years,10-14 years,male,M,parent,DA,daughter,1
1998,10,10 years,10-14 years,10-14 years,male,M,parent,SO,son,1
1998,11,11 years,10-14 years,10-14 years,female,F,parent,DA,daughter,1
1998,11,11 years,10-14 years,10-14 years,female,F,parent,SO,son,1
1998,11,11 years,10-14 years,10-14 years,male,M,parent,DA,daughter,1
1998,11,11 years,10-14 years,10-14 years,male,M,stepparent,SD,stepdaughter,1
1998,11,11 years,10-14 years,10-14 years,male,M,stepparent,SS,stepson,1
1998,12,12 years,10-14 years,10-14 years,female,F,parent,DA,daughter,2
1998,12,12 years,10-14 years,10-14 years,female,F,parent,SO,son,3
1998,12,12 years,10-14 years,10-14 years,male,M,parent,DA,daughter,2
1998,12,12 years,10-14 years,10-14 years,male,M,parent,SO,son,1
1998,12,12 years,10-14 years,10-14 years,male,M,stepparent,SD,stepdaughter,1
1998,12,12 years,10-14 years,10-14 years,male,M,stepparent,SS,stepson,1
1998,13,13 years,10-14 years,10-14 years,male,M,parent,SO,son,3
1998,14,14 years,10-14 years,10-14 years,male,M,parent,SO,son,1
1998,14,14 years,10-14 years,10-14 years,male,M,stepparent,SS,stepson,1
1998,15,15 years,15-17 years,15-17 years,female,F,parent,DA,daughter,1
1998,15,15 years,15-17 years,15-17 years,female,F,parent,SO,son,1
1998,15,15 years,15-17 years,15-17 years,male,M,parent,DA,daughter,1
1998,15,15 years,15-17 years,15-17 years,male,M,stepparent,SD,stepdaughter,1
1998,16,16 years,15-17 years,15-17 years,male,M,parent,DA,daughter,1
1998,16,16 years,15-17 years,15-17 years,male,M,stepparent,SD,stepdaughter,1
1998,16,16 years,15-17 years,15-17 years,male,M,stepparent,SS,stepson,2
1998,17,17 years,15-17 years,15-17 years,female,F,parent,DA,daughter,1
1998,BB,7-364 days,under 1 year,7-364 days,female,F,parent,DA,daughter,17
1998,BB,7-364 days,under 1 year,7-364 days,female,F,parent,SO,son,23
1998,BB,7-364 days,under 1 year,7-364 days,male,M,parent,DA,daughter,28
1998,BB,7-364 days,under 1 year,7-364 days,male,M,parent,SO,son,50
1998,BB,7-364 days,under 1 year,7-364 days,male,M,stepparent,SD,stepdaughter,2
1998,BB,7-364 days,under 1 year,7-364 days,male,M,stepparent,SS,stepson,3
1998,NB,0-6 days,under 1 year,0-6 days,female,F,parent,DA,daughter,8
1998,NB,0-6 days,under 1 year,0-6 days,female,F,parent,SO,son,25
1998,NB,0-6 days,under 1 year,0-6 days,male,M,parent,DA,daughter,3
1998,NB,0-6 days,under 1 year,0-6 days,male,M,parent,SO,son,2
1999,01,1 years,1-4 years,1-4 years,female,F,parent,DA,daughter,12
1999,01,1 years,1-4 years,1-4 years,female,F,parent,SO,son,11
1999,01,1 years,1-4 years,1-4 years,male,M,parent,DA,daughter,8
1999,01,1 years,1-4 years,1-4 years,male,M,parent,SO,son,12
1999,01,1 years,1-4 years,1-4 years,male,M,stepparent,SD,stepdaughter,2
1999,01,1 years,1-4 years,1-4 years,male,M,stepparent,SS,stepson,2
1999,02,2 years,1-4 years,1-4 years,female,F,parent,DA,daughter,21
1999,02,2 years,1-4 years,1-4 years,female,F,parent,SO,son,6
1999,02,2 years,1-4 years,1-4 years,male,M,parent,DA,daughter,10
1999,02,2 years,1-4 years,1-4 years,male,M,parent,SO,son,9
1999,02,2 years,1-4 years,1-4 years,male,M,stepparent,SD,stepdaughter,2
1999,02,2 years,1-4 years,1-4 years,male,M,stepparent,SS,stepson,4
1999,03,3 years,1-4 years,1-4 years,female,F,parent,DA,daughter,5
1999,03,3 years,1-4 years,1-4 years,female,F,parent,SO,son,4
1999,03,3 years,1-4 years,1-4 years,female,F,stepparent,SS,stepson,1
1999,03,3 years,1-4 years,1-4 years,male,M,parent,DA,daughter,8
1999,03,3 years,1-4 years,1-4 years,male,M,parent,SO,son,9
1999,04,4 years,1-4 years,1-4 years,female,F,parent,DA,daughter,2
1999,04,4 years,1-4 years,1-4 years,female,F,parent,SO,son,4
1999,04,4 years,1-4 years,1-4 years,male,M,parent,DA,daughter,1
1999,04,4 years,1-4 years,1-4 years,male,M,parent,SO,son,5
1999,05,5 years,5-9 years,5-9 years,female,F,parent,DA,daughter,4
1999,05,5 years,5-9 years,5-9 years,female,F,parent,SO,son,2
1999,05,5 years,5-9 years,5-9 years,male,M,parent,DA,daughter,3
1999,05,5 years,5-9 years,5-9 years,male,M,parent,SO,son,2
1999,05,5 years,5-9 years,5-9 years,male,M,stepparent,SD,stepdaughter,2
1999,06,6 years,5-9 years,5-9 years,female,F,parent,DA,daughter,3
1999,06,6 years,5-9 years,5-9 years,female,F,parent,SO,son,1
1999,06,6 years,5-9 years,5-9 years,male,M,parent,DA,daughter,3
1999,06,6 years,5-9 years,5-9 years,male,M,parent,SO,son,2
1999,07,7 years,5-9 years,5-9 years,female,F,parent,DA,daughter,3
1999,07,7 years,5-9 years,5-9 years,female,F,parent,SO,son,3
1999,07,7 years,5-9 years,5-9 years,male,M,parent,DA,daughter,4
1999,07,7 years,5-9 years,5-9 years,male,M,parent,SO,son,5
1999,08,8 years,5-9 years,5-9 years,female,F,parent,DA,daughter,4
1999,08,8 years,5-9 years,5-9 years,female,F,parent,SO,son,2
1999,08,8 years,5-9 years,5-9 years,male,M,parent,DA,daughter,1
1999,09,9 years,5-9 years,5-9 years,female,F,parent,DA,daughter,2
1999,09,9 years,5-9 years,5-9 years,male,M,parent,DA,daughter,3
1999,09,9 years,5-9 years,5-9 years,male,M,parent,SO,son,1
1999,10,10 years,10-14 years,10-14 years,female,F,parent,DA,daughter,2
1999,10,10 years,10-14 years,10-14 years,female,F,parent,SO,son,1
1999,10,10 years,10-14 years,10-14 years,male,M,parent,DA,daughter,1
1999,11,11 years,10-14 years,10-14 years,male,M,parent,SO,son,2
1999,11,11 years,10-14 years,10-14 years,male,M,stepparent,SD,stepdaughter,1
1999,13,13 years,10-14 years,10-14 years,female,F,parent,SO,son,3
1999,13,13 years,10-14 years,10-14 years,male,M,parent,SO,son,1
1999,14,14 years,10-14 years,10-14 years,female,F,parent,SO,son,1
1999,14,14 years,10-14 years,10-14 years,male,M,parent,DA,daughter,1
1999,14,14 years,10-14 years,10-14 years,male,M,stepparent,SD,stepdaughter,1
1999,14,14 years,10-14 years,10-14 years,male,M,stepparent,SS,stepson,1
1999,15,15 years,15-17 years,15-17 years,male,M,parent,DA,daughter,4
1999,15,15 years,15-17 years,15-17 years,male,M,parent,SO,son,1
1999,16,16 years,15-17 years,15-17 years,male,M,parent,DA,daughter,1
1999,16,16 years,15-17 years,15-17 years,male,M,parent,SO,son,3
1999,16,16 years,15-17 years,15-17 years,male,M,stepparent,SD,stepdaughter,2
1999,16,16 years,15-17 years,15-17 years,male,M,stepparent,SS,stepson,1
1999,17,17 years,15-17 years,15-17 years,male,M,parent,SO,son,2
1999,17,17 years,15-17 years,15-17 years,male,M,stepparent,SS,stepson,1
1999,BB,7-364 days,under 1 year,7-364 days,female,F,parent,DA,daughter,14
1999,BB,7-364 days,under 1 year,7-364 days,female,F,parent,SO,son,24
1999,BB,7-364 days,under 1 year,7-364 days,male,M,parent,DA,daughter,35
1999,BB,7-364 days,under 1 year,7-364 days,male,M,parent,SO,son,37
1999,BB,7-364 days,under 1 year,7-364 days,male,M,stepparent,SD,stepdaughter,3
1999,NB,0-6 days,under 1 year,0-6 days,female,F,parent,DA,daughter,23
1999,NB,0-6 days,under 1 year,0-6 days,female,F,parent,SO,son,10
1999,NB,0-6 days,under 1 year,0-6 days,male,M,parent,DA,daughter,4
1999,NB,0-6 days,under 1 year,0-6 days,male,M,parent,SO,son,2
2000,01,1 years,1-4 years,1-4 years,female,F,parent,DA,daughter,9
2000,01,1 years,1-4 years,1-4 years,female,F,parent,SO,son,13
2000,01,1 years,1-4 years,1-4 years,male,M,parent,DA,daughter,6
2000,01,1 years,1-4 years,1-4 years,male,M,parent,SO,son,11
2000,01,1 years,1-4 years,1-4 years,male,M,stepparent,SD,stepdaughter,1
2000,01,1 years,1-4 years,1-4 years,male,M,stepparent,SS,stepson,5
2000,02,2 years,1-4 years,1-4 years,female,F,parent,DA,daughter,6
2000,02,2 years,1-4 years,1-4 years,female,F,parent,SO,son,10
2000,02,2 years,1-4 years,1-4 years,female,F,stepparent,SS,stepson,1
2000,02,2 years,1-4 years,1-4 years,male,M,parent,DA,daughter,11
2000,02,2 years,1-4 years,1-4 years,male,M,parent,SO,son,10
2000,02,2 years,1-4 years,1-4 years,male,M,stepparent,SD,stepdaughter,5
2000,03,3 years,1-4 years,1-4 years,female,F,parent,DA,daughter,1
2000,03,3 years,1-4 years,1-4 years,female,F,parent,SO,son,5
2000,03,3 years,1-4 years,1-4 years,female,F,stepparent,SD,stepdaughter,1
2000,03,3 years,1-4 years,1-4 years,male,M,parent,DA,daughter,5
2000,03,3 years,1-4 years,1-4 years,male,M,parent,SO,son,4
2000,03,3 years,1-4 years,1-4 years,male,M,stepparent,SD,stepdaughter,4
2000,03,3 years,1-4 years,1-4 years,male,M,stepparent,SS,stepson,3
2000,03,3 years,1-4 years,1-4 years,unknown/not specified,U,parent,DA,daughter,1
2000,04,4 years,1-4 years,1-4 years,female,F,parent,DA,daughter,2
2000,04,4 years,1-4 years,1-4 years,female,F,parent,SO,son,3
2000,04,4 years,1-4 years,1-4 years,female,F,stepparent,SD,stepdaughter,1
2000,04,4 years,1-4 years,1-4 years,male,M,parent,DA,daughter,6
2000,04,4 years,1-4 years,1-4 years,male,M,parent,SO,son,2
2000,04,4 years,1-4 years,1-4 years,male,M,stepparent,SS,stepson,1
2000,05,5 years,5-9 years,5-9 years,female,F,parent,SO,son,1
2000,05,5 years,5-9 years,5-9 years,male,M,parent,DA,daughter,2
2000,05,5 years,5-9 years,5-9 years,male,M,parent,SO,son,2
2000,06,6 years,5-9 years,5-9 years,female,F,parent,SO,son,3
2000,06,6 years,5-9 years,5-9 years,male,M,parent,DA,daughter,1
2000,06,6 years,5-9 years,5-9 years,male,M,parent,SO,son,6
2000,06,6 years,5-9 years,5-9 years,male,M,stepparent,SS,stepson,1
2000,07,7 years,5-9 years,5-9 years,female,F,parent,DA,daughter,1
2000,07,7 years,5-9 years,5-9 years,female,F,parent,SO,son,1
2000,07,7 years,5-9 years,5-9 years,male,M,parent,DA,daughter,1
2000,07,7 years,5-9 years,5-9 years,male,M,parent,SO,son,2
2000,07,7 years,5-9 years,5-9 years,male,M,stepparent,SD,stepdaughter,2
2000,08,8 years,5-9 years,5-9 years,female,F,parent,SO,son,1
2000,08,8 years,5-9 years,5-9 years,male,M,parent,DA,daughter,3
2000,08,8 years,5-9 years,5-9 years,male,M,parent,SO,son,1
2000,09,9 years,5-9 years,5-9 years,female,F,parent,DA,daughter,2
2000,09,9 years,5-9 years,5-9 years,male,M,parent,DA,daughter,2
2000,09,9 years,5-9 years,5-9 years,male,M,parent,SO,son,1
2000,10,10 years,10-14 years,10-14 years,female,F,parent,DA,daughter,2
2000,10,10 years,10-14 years,10-14 years,male,M,stepparent,SS,stepson,1
2000,11,11 years,10-14 years,10-14 years,female,F,parent,DA,daughter,1
2000,11,11 years,10-14 years,10-14 years,male,M,parent,SO,son,1
2000,12,12 years,10-14 years,10-14 years,female,F,parent,DA,daughter,1
2000,12,12 years,10-14 years,10-14 years,male,M,parent,DA,daughter,1
2000,13,13 years,10-14 years,10-14 years,male,M,stepparent,SD,stepdaughter,2
2000,15,15 years,15-17 years,15-17 years,female,F,parent,DA,daughter,1
2000,15,15 years,15-17 years,15-17 years,female,F,parent,SO,son,1
2000,15,15 years,15-17 years,15-17 years,male,M,parent,DA,daughter,2
2000,15,15 years,15-17 years,15-17 years,male,M,stepparent,SD,stepdaughter,1
2000,17,17 years,15-17 years,15-17 years,male,M,parent,SO,son,5
2000,17,17 years,15-17 years,15-17 years,male,M,stepparent,SS,stepson,1
2000,BB,7-364 days,under 1 year,7-364 days,female,F,parent,DA,daughter,20
2000,BB,7-364 days,under 1 year,7-364 days,female,F,parent,SO,son,27
2000,BB,7-364 days,under 1 year,7-364 days,male,M,parent,DA,daughter,35
2000,BB,7-364 days,under 1 year,7-364 days,male,M,parent,SO,son,46
2000,BB,7-364 days,under 1 year,7-364 days,male,M,stepparent,SS,stepson,3
2000,NB,0-6 days,under 1 year,0-6 days,female,F,parent,DA,daughter,13
2000,NB,0-6 days,under 1 year,0-6 days,female,F,parent,SO,son,12
2000,NB,0-6 days,under 1 year,0-6 days,male,M,parent,DA,daughter,4
2000,NB,0-6 days,under 1 year,0-6 days,male,M,parent,SO,son,2
2001,01,1 years,1-4 years,1-4 years,female,F,parent,DA,daughter,14
2001,01,1 years,1-4 years,1-4 years,female,F,parent,SO,son,14
2001,01,1 years,1-4 years,1-4 years,male,M,parent,DA,daughter,23
2001,01,1 years,1-4 years,1-4 years,male,M,parent,SO,son,16
2001,01,1 years,1-4 years,1-4 years,male,M,stepparent,SD,stepdaughter,3
2001,01,1 years,1-4 years,1-4 years,male,M,stepparent,SS,stepson,2
2001,02,2 years,1-4 years,1-4 years,female,F,parent,DA,daughter,10
2001,02,2 years,1-4 years,1-4 years,female,F,parent,SO,son,12
2001,02,2 years,1-4 years,1-4 years,female,F,stepparent,SD,stepdaughter,1
2001,02,2 years,1-4 years,1-4 years,male,M,parent,DA,daughter,5
2001,02,2 years,1-4 years,1-4 years,male,M,parent,SO,son,6
2001,02,2 years,1-4 years,1-4 years,male,M,stepparent,SD,stepdaughter,3
2001,02,2 years,1-4 years,1-4 years,male,M,stepparent,SS,stepson,3
2001,02,2 years,1-4 years,1-4 years,unknown/not specified,U,parent,DA,daughter,1
2001,03,3 years,1-4 years,1-4 years,female,F,parent,DA,daughter,4
2001,03,3 years,1-4 years,1-4 years,female,F,parent,SO,son,2
2001,03,3 years,1-4 years,1-4 years,female,F,stepparent,SD,stepdaughter,1
2001,03,3 years,1-4 years,1-4 years,male,M,parent,DA,daughter,4
2001,03,3 years,1-4 years,1-4 years,male,M,parent,SO,son,8
2001,03,3 years,1-4 years,1-4 years,male,M,stepparent,SD,stepdaughter,1
2001,04,4 years,1-4 years,1-4 years,female,F,parent,DA,daughter,2
2001,04,4 years,1-4 years,1-4 years,female,F,parent,SO,son,4
2001,04,4 years,1-4 years,1-4 years,male,M,parent,SO,son,3
2001,04,4 years,1-4 years,1-4 years,male,M,stepparent,SD,stepdaughter,5
2001,04,4 years,1-4 years,1-4 years,male,M,stepparent,SS,stepson,1
2001,05,5 years,5-9 years,5-9 years,female,F,parent,DA,daughter,1
2001,05,5 years,5-9 years,5-9 years,female,F,parent,SO,son,4
2001,05,5 years,5-9 years,5-9 years,female,F,stepparent,SD,stepdaughter,1
2001,05,5 years,5-9 years,5-9 years,male,M,parent,DA,daughter,2
2001,05,5 years,5-9 years,5-9 years,male,M,parent,SO,son,6
2001,05,5 years,5-9 years,5-9 years,male,M,stepparent,SS,stepson,1
2001,06,6 years,5-9 years,5-9 years,female,F,parent,DA,daughter,1
2001,06,6 years,5-9 years,5-9 years,male,M,parent,DA,daughter,2
2001,06,6 years,5-9 years,5-9 years,male,M,parent,SO,son,2
2001,06,6 years,5-9 years,5-9 years,male,M,stepparent,SD,stepdaughter,1
2001,07,7 years,5-9 years,5-9 years,female,F,parent,DA,daughter,1
2001,07,7 years,5-9 years,5-9 years,female,F,parent,SO,son,1
2001,07,7 years,5-9 years,5-9 years,male,M,parent,DA,daughter,2
2001,07,7 years,5-9 years,5-9 years,male,M,parent,SO,son,3
2001,07,7 years,5-9 years,5-9 years,male,M,stepparent,SS,stepson,1
2001,08,8 years,5-9 years,5-9 years,female,F,parent,SO,son,2
2001,08,8 years,5-9 years,5-9 years,male,M,parent,SO,son,3
2001,08,8 years,5-9 years,5-9 years,male,M,stepparent,SS,stepson,2
2001,09,9 years,5-9 years,5-9 years,female,F,parent,DA,daughter,2
2001,09,9 years,5-9 years,5-9 years,female,F,parent,SO,son,2
2001,09,9 years,5-9 years,5-9 years,male,M,parent,DA,daughter,4
2001,09,9 years,5-9 years,5-9 years,male,M,parent,SO,son,2
2001,09,9 years,5-9 years,5-9 years,male,M,stepparent,SS,stepson,1
2001,10,10 years,10-14 years,10-14 years,female,F,parent,DA,daughter,1
2001,10,10 years,10-14 years,10-14 years,male,M,parent,DA,daughter,1
2001,10,10 years,10-14 years,10-14 years,male,M,parent,SO,son,2
2001,10,10 years,10-14 years,10-14 years,male,M,stepparent,SD,stepdaughter,1
2001,11,11 years,10-14 years,10-14 years,female,F,parent,DA,daughter,2
2001,11,11 years,10-14 years,10-14 years,male,M,parent,DA,daughter,2
2001,11,11 years,10-14 years,10-14 years,male,M,parent,SO,son,1
2001,11,11 years,10-14 years,10-14 years,male,M,stepparent,SD,stepdaughter,1
2001,12,12 years,10-14 years,10-14 years,female,F,parent,DA,daughter,2
2001,12,12 years,10-14 years,10-14 years,female,F,parent,SO,son,2
2001,12,12 years,10-14 years,10-14 years,male,M,parent,DA,daughter,2
2001,12,12 years,10-14 years,10-14 years,male,M,parent,SO,son,1
2001,12,12 years,10-14 years,10-14 years,male,M,stepparent,SS,stepson,2
2001,13,13 years,10-14 years,10-14 years,female,F,parent,SO,son,1
2001,13,13 years,10-14 years,10-14 years,male,M,parent,DA,daughter,1
2001,13,13 years,10-14 years,10-14 years,male,M,parent,SO,son,2
2001,13,13 years,10-14 years,10-14 years,male,M,stepparent,SS,stepson,1
2001,14,14 years,10-14 years,10-14 years,male,M,stepparent,SD,stepdaughter,1
2001,14,14 years,10-14 years,10-14 years,male,M,stepparent,SS,stepson,1
2001,15,15 years,15-17 years,15-17 years,male,M,parent,DA,daughter,1
2001,15,15 years,15-17 years,15-17 years,male,M,stepparent,SS,stepson,1
2001,16,16 years,15-17 years,15-17 years,female,F,parent,DA,daughter,1
2001,16,16 years,15-17 years,15-17 years,female,F,parent,SO,son,1
2001,16,16 years,15-17 years,15-17 years,male,M,parent,DA,daughter,1
2001,17,17 years,15-17 years,15-17 years,female,F,parent,SO,son,1
2001,17,17 years,15-17 years,15-17 years,male,M,parent,SO,son,3
2001,17,17 years,15-17 years,15-17 years,male,M,stepparent,SS,stepson,2
2001,BB,7-364 days,under 1 year,7-364 days,female,F,parent,DA,daughter,20
2001,BB,7-364 days,under 1 year,7-364 days,female,F,parent,SO,son,24
2001,BB,7-364 days,under 1 year,7-364 days,male,M,parent,DA,daughter,32
2001,BB,7-364 days,under 1 year,7-364 days,male,M,parent,SO,son,50
2001,BB,7-364 days,under 1 year,7-364 days,male,M,stepparent,SD,stepdaughter,1
2001,BB,7-364 days,under 1 year,7-364 days,male,M,stepparent,SS,stepson,1
2001,NB,0-6 days,under 1 year,0-6 days,female,F,parent,DA,daughter,19
2001,NB,0-6 days,under 1 year,0-6 days,female,F,parent,SO,son,15
2001,NB,0-6 days,under 1 year,0-6 days,male,M,parent,DA,daughter,4
2001,NB,0-6 days,under 1 year,0-6 days,male,M,parent,SO,son,3
2002,01,1 years,1-4 years,1-4 years,female,F,parent,DA,daughter,13
2002,01,1 years,1-4 years,1-4 years,female,F,parent,SO,son,15
2002,01,1 years,1-4 years,1-4 years,male,M,parent,DA,daughter,19
2002,01,1 years,1-4 years,1-4 years,male,M,parent,SO,son,20
2002,01,1 years,1-4 years,1-4 years,male,M,stepparent,SD,stepdaughter,3
2002,01,1 years,1-4 years,1-4 years,male,M,stepparent,SS,stepson,1
2002,02,2 years,1-4 years,1-4 years,female,F,parent,DA,daughter,8
2002,02,2 years,1-4 years,1-4 years,female,F,parent,SO,son,8
2002,02,2 years,1-4 years,1-4 years,female,F,stepparent,SD,stepdaughter,2
2002,02,2 years,1-4 years,1-4 years,female,F,stepparent,SS,stepson,1
2002,02,2 years,1-4 years,1-4 years,male,M,parent,DA,daughter,12
2002,02,2 years,1-4 years,1-4 years,male,M,parent,SO,son,8
2002,02,2 years,1-4 years,1-4 years,male,M,stepparent,SD,stepdaughter,1
2002,02,2 years,1-4 years,1-4 years,male,M,stepparent,SS,stepson,5
2002,03,3 years,1-4 years,1-4 years,female,F,parent,DA,daughter,5
2002,03,3 years,1-4 years,1-4 years,female,F,parent,SO,son,4
2002,03,3 years,1-4 years,1-4 years,female,F,stepparent,SD,stepdaughter,1
2002,03,3 years,1-4 years,1-4 years,female,F,stepparent,SS,stepson,2
2002,03,3 years,1-4 years,1-4 years,male,M,parent,DA,daughter,2
2002,03,3 years,1-4 years,1-4 years,male,M,parent,SO,son,6
2002,04,4 years,1-4 years,1-4 years,female,F,parent,DA,daughter,3
2002,04,4 years,1-4 years,1-4 years,female,F,parent,SO,son,5
2002,04,4 years,1-4 years,1-4 years,female,F,stepparent,SS,stepson,2
2002,04,4 years,1-4 years,1-4 years,male,M,parent,DA,daughter,3
2002,04,4 years,1-4 years,1-4 years,male,M,parent,SO,son,1
2002,05,5 years,5-9 years,5-9 years,female,F,parent,DA,daughter,2
2002,05,5 years,5-9 years,5-9 years,female,F,parent,SO,son,2
2002,05,5 years,5-9 years,5-9 years,male,M,parent,DA,daughter,2
2002,05,5 years,5-9 years,5-9 years,male,M,parent,SO,son,3
2002,06,6 years,5-9 years,5-9 years,female,F,parent,DA,daughter,3
2002,06,6 years,5-9 years,5-9 years,female,F,stepparent,SS,stepson,1
2002,06,6 years,5-9 years,5-9 years,male,M,parent,DA,daughter,2
2002,06,6 years,5-9 years,5-9 years,male,M,parent,SO,son,1
2002,07,7 years,5-9 years,5-9 years,female,F,parent,DA,daughter,1
2002,07,7 years,5-9 years,5-9 years,female,F,parent,SO,son,1
2002,07,7 years,5-9 years,5-9 years,female,F,stepparent,SS,stepson,1
2002,07,7 years,5-9 years,5-9 years,male,M,parent,DA,daughter,1
2002,08,8 years,5-9 years,5-9 years,female,F,parent,DA,daughter,1
2002,08,8 years,5-9 years,5-9 years,female,F,parent,SO,son,1
2002,08,8 years,5-9 years,5-9 years,male,M,parent,DA,daughter,1
2002,08,8 years,5-9 years,5-9 years,male,M,parent,SO,son,2
2002,09,9 years,5-9 years,5-9 years,female,F,parent,DA,daughter,1
2002,09,9 years,5-9 years,5-9 years,male,M,parent,DA,daughter,1
2002,09,9 years,5-9 years,5-9 years,male,M,parent,SO,son,1
2002,09,9 years,5-9 years,5-9 years,male,M,stepparent,SD,stepdaughter,1
2002,10,10 years,10-14 years,10-14 years,female,F,parent,SO,son,1
2002,10,10 years,10-14 years,10-14 years,male,M,parent,DA,daughter,1
2002,11,11 years,10-14 years,10-14 years,female,F,parent,DA,daughter,1
2002,11,11 years,10-14 years,10-14 years,female,F,parent,SO,son,2
2002,11,11 years,10-14 years,10-14 years,male,M,parent,DA,daughter,1
2002,11,11 years,10-14 years,10-14 years,male,M,parent,SO,son,1
2002,12,12 years,10-14 years,10-14 years,male,M,parent,SO,son,3
2002,12,12 years,10-14 years,10-14 years,male,M,stepparent,SD,stepdaughter,2
2002,13,13 years,10-14 years,10-14 years,female,F,parent,DA,daughter,1
2002,13,13 years,10-14 years,10-14 years,female,F,parent,SO,son,2
2002,13,13 years,10-14 years,10-14 years,female,F,stepparent,SS,stepson,1
2002,13,13 years,10-14 years,10-14 years,male,M,parent,SO,son,1
2002,13,13 years,10-14 years,10-14 years,male,M,stepparent,SS,stepson,1
2002,14,14 years,10-14 years,10-14 years,female,F,parent,DA,daughter,1
2002,14,14 years,10-14 years,10-14 years,male,M,stepparent,SD,stepdaughter,1
2002,14,14 years,10-14 years,10-14 years,male,M,stepparent,SS,stepson,1
2002,15,15 years,15-17 years,15-17 years,male,M,parent,DA,daughter,2
2002,15,15 years,15-17 years,15-17 years,male,M,parent,SO,son,1
2002,15,15 years,15-17 years,15-17 years,male,M,stepparent,SD,stepdaughter,2
2002,15,15 years,15-17 years,15-17 years,male,M,stepparent,SS,stepson,1
2002,16,16 years,15-17 years,15-17 years,male,M,parent,DA,daughter,1
2002,16,16 years,15-17 years,15-17 years,male,M,stepparent,SD,stepdaughter,1
2002,16,16 years,15-17 years,15-17 years,male,M,stepparent,SS,stepson,1
2002,17,17 years,15-17 years,15-17 years,male,M,parent,DA,daughter,1
2002,17,17 years,15-17 years,15-17 years,male,M,stepparent,SS,stepson,1
2002,BB,7-364 days,under 1 year,7-364 days,female,F,parent,DA,daughter,19
2002,BB,7-364 days,under 1 year,7-364 days,female,F,parent,SO,son,16
2002,BB,7-364 days,under 1 year,7-364 days,male,M,parent,DA,daughter,38
2002,BB,7-364 days,under 1 year,7-364 days,male,M,parent,SO,son,32
2002,NB,0-6 days,under 1 year,0-6 days,female,F,parent,DA,daughter,12
2002,NB,0-6 days,under 1 year,0-6 days,female,F,parent,SO,son,15
2002,NB,0-6 days,under 1 year,0-6 days,male,M,parent,DA,daughter,4
2002,NB,0-6 days,under 1 year,0-6 days,male,M,parent,SO,son,3
2003,01,1 years,1-4 years,1-4 years,female,F,parent,DA,daughter,13
2003,01,1 years,1-4 years,1-4 years,female,F,parent,SO,son,18
2003,01,1 years,1-4 years,1-4 years,female,F,stepparent,SD,stepdaughter,2
2003,01,1 years,1-4 years,1-4 years,male,M,parent,DA,daughter,8
2003,01,1 years,1-4 years,1-4 years,male,M,parent,SO,son,20
2003,01,1 years,1-4 years,1-4 years,male,M,stepparent,SD,stepdaughter,1
2003,01,1 years,1-4 years,1-4 years,male,M,stepparent,SS,stepson,2
2003,02,2 years,1-4 years,1-4 years,female,F,parent,DA,daughter,8
2003,02,2 years,1-4 years,1-4 years,female,F,parent,SO,son,10
2003,02,2 years,1-4 years,1-4 years,female,F,stepparent,SD,stepdaughter,1
2003,02,2 years,1-4 years,1-4 years,female,F,stepparent,SS,stepson,3
2003,02,2 years,1-4 years,1-4 years,male,M,parent,DA,daughter,10
2003,02,2 years,1-4 years,1-4 years,male,M,parent,SO,son,13
2003,02,2 years,1-4 years,1-4 years,male,M,stepparent,SD,stepdaughter,3
2003,02,2 years,1-4 years,1-4 years,male,M,stepparent,SS,stepson,3
2003,03,3 years,1-4 years,1-4 years,female,F,parent,DA,daughter,10
2003,03,3 years,1-4 years,1-4 years,female,F,parent,SO,son,5
2003,03,3 years,1-4 years,1-4 years,female,F,stepparent,SD,stepdaughter,1
2003,03,3 years,1-4 years,1-4 years,male,M,parent,DA,daughter,8
2003,03,3 years,1-4 years,1-4 years,male,M,parent,SO,son,6
2003,03,3 years,1-4 years,1-4 years,male,M,stepparent,SD,stepdaughter,2
2003,03,3 years,1-4 years,1-4 years,male,M,stepparent,SS,stepson,2
2003,04,4 years,1-4 years,1-4 years,female,F,parent,DA,daughter,6
2003,04,4 years,1-4 years,1-4 years,female,F,parent,SO,son,5
2003,04,4 years,1-4 years,1-4 years,male,M,parent,DA,daughter,2
2003,04,4 years,1-4 years,1-4 years,male,M,parent,SO,son,6
2003,04,4 years,1-4 years,1-4 years,male,M,stepparent,SS,stepson,1
2003,05,5 years,5-9 years,5-9 years,female,F,parent,DA,daughter,1
2003,05,5 years,5-9 years,5-9 years,female,F,parent,SO,son,4
2003,05,5 years,5-9 years,5-9 years,female,F,stepparent,SD,stepdaughter,1
2003,05,5 years,5-9 years,5-9 years,male,M,parent,SO,son,5
2003,06,6 years,5-9 years,5-9 years,female,F,parent,DA,daughter,1
2003,06,6 years,5-9 years,5-9 years,female,F,parent,SO,son,2
2003,06,6 years,5-9 years,5-9 years,male,M,parent,DA,daughter,2
2003,06,6 years,5-9 years,5-9 years,male,M,parent,SO,son,1
2003,06,6 years,5-9 years,5-9 years,male,M,stepparent,SD,stepdaughter,1
2003,07,7 years,5-9 years,5-9 years,female,F,parent,DA,daughter,2
2003,07,7 years,5-9 years,5-9 years,male,M,parent,DA,daughter,2
2003,07,7 years,5-9 years,5-9 years,male,M,parent,SO,son,1
2003,08,8 years,5-9 years,5-9 years,female,F,parent,SO,son,1
2003,08,8 years,5-9 years,5-9 years,male,M,parent,DA,daughter,3
2003,08,8 years,5-9 years,5-9 years,male,M,parent,SO,son,4
2003,09,9 years,5-9 years,5-9 years,female,F,parent,DA,daughter,1
2003,09,9 years,5-9 years,5-9 years,male,M,parent,DA,daughter,1
2003,09,9 years,5-9 years,5-9 years,male,M,parent,SO,son,2
2003,10,10 years,10-14 years,10-14 years,female,F,parent,DA,daughter,1
2003,10,10 years,10-14 years,10-14 years,female,F,parent,SO,son,1
2003,10,10 years,10-14 years,10-14 years,male,M,parent,SO,son,3
2003,12,12 years,10-14 years,10-14 years,female,F,parent,SO,son,1
2003,12,12 years,10-14 years,10-14 years,male,M,stepparent,SD,stepdaughter,1
2003,14,14 years,10-14 years,10-14 years,female,F,parent,DA,daughter,1
2003,14,14 years,10-14 years,10-14 years,male,M,parent,SO,son,2
2003,15,15 years,15-17 years,15-17 years,male,M,stepparent,SS,stepson,1
2003,16,16 years,15-17 years,15-17 years,male,M,parent,SO,son,3
2003,17,17 years,15-17 years,15-17 years,male,M,parent,DA,daughter,1
2003,17,17 years,15-17 years,15-17 years,male,M,stepparent,SD,stepdaughter,1
2003,17,17 years,15-17 years,15-17 years,male,M,stepparent,SS,stepson,1
2003,BB,7-364 days,under 1 year,7-364 days,female,F,parent,DA,daughter,26
2003,BB,7-364 days,under 1 year,7-364 days,female,F,parent,SO,son,25
2003,BB,7-364 days,under 1 year,7-364 days,male,M,parent,DA,daughter,33
2003,BB,7-364 days,under 1 year,7-364 days,male,M,parent,SO,son,46
2003,BB,7-364 days,under 1 year,7-364 days,male,M,stepparent,SD,stepdaughter,3
2003,BB,7-364 days,under 1 year,7-364 days,male,M,stepparent,SS,stepson,4
2003,NB,0-6 days,under 1 year,0-6 days,female,F,parent,DA,daughter,10
2003,NB,0-6 days,under 1 year,0-6 days,female,F,parent,SO,son,12
2003,NB,0-6 days,under 1 year,0-6 days,male,M,parent,DA,daughter,4
2003,NB,0-6 days,under 1 year,0-6 days,male,M,parent,SO,son,5
2004,01,1 years,1-4 years,1-4 years,female,F,parent,DA,daughter,13
2004,01,1 years,1-4 years,1-4 years,female,F,parent,SO,son,21
2004,01,1 years,1-4 years,1-4 years,male,M,parent,DA,daughter,15
2004,01,1 years,1-4 years,1-4 years,male,M,parent,SO,son,25
2004,01,1 years,1-4 years,1-4 years,male,M,stepparent,SD,stepdaughter,2
2004,01,1 years,1-4 years,1-4 years,male,M,stepparent,SS,stepson,2
2004,02,2 years,1-4 years,1-4 years,female,F,parent,DA,daughter,10
2004,02,2 years,1-4 years,1-4 years,female,F,parent,SO,son,11
2004,02,2 years,1-4 years,1-4 years,male,M,parent,DA,daughter,8
2004,02,2 years,1-4 years,1-4 years,male,M,parent,SO,son,8
2004,02,2 years,1-4 years,1-4 years,male,M,stepparent,SD,stepdaughter,3
2004,02,2 years,1-4 years,1-4 years,male,M,stepparent,SS,stepson,4
2004,03,3 years,1-4 years,1-4 years,female,F,parent,DA,daughter,6
2004,03,3 years,1-4 years,1-4 years,female,F,parent,SO,son,7
2004,03,3 years,1-4 years,1-4 years,female,F,stepparent,SD,stepdaughter,1
2004,03,3 years,1-4 years,1-4 years,male,M,parent,DA,daughter,8
2004,03,3 years,1-4 years,1-4 years,male,M,parent,SO,son,5
2004,04,4 years,1-4 years,1-4 years,female,F,parent,DA,daughter,5
2004,04,4 years,1-4 years,1-4 years,female,F,parent,SO,son,4
2004,04,4 years,1-4 years,1-4 years,female,F,stepparent,SS,stepson,1
2004,04,4 years,1-4 years,1-4 years,male,M,parent,DA,daughter,2
2004,04,4 years,1-4 years,1-4 years,male,M,parent,SO,son,6
2004,04,4 years,1-4 years,1-4 years,male,M,stepparent,SD,stepdaughter,1
2004,04,4 years,1-4 years,1-4 years,male,M,stepparent,SS,stepson,1
2004,05,5 years,5-9 years,5-9 years,female,F,parent,DA,daughter,2
2004,05,5 years,5-9 years,5-9 years,female,F,parent,SO,son,5
2004,05,5 years,5-9 years,5-9 years,male,M,parent,DA,daughter,1
2004,05,5 years,5-9 years,5-9 years,male,M,parent,SO,son,3
2004,05,5 years,5-9 years,5-9 years,male,M,stepparent,SD,stepdaughter,1
2004,05,5 years,5-9 years,5-9 years,male,M,stepparent,SS,stepson,2
2004,06,6 years,5-9 years,5-9 years,female,F,parent,DA,daughter,1
2004,06,6 years,5-9 years,5-9 years,female,F,parent,SO,son,2
2004,06,6 years,5-9 years,5-9 years,female,F,stepparent,SD,stepdaughter,1
2004,06,6 years,5-9 years,5-9 years,male,M,parent,SO,son,2
2004,07,7 years,5-9 years,5-9 years,female,F,parent,DA,daughter,4
2004,07,7 years,5-9 years,5-9 years,female,F,parent,SO,son,2
2004,07,7 years,5-9 years,5-9 years,male,M,parent,DA,daughter,1
2004,07,7 years,5-9 years,5-9 years,male,M,parent,SO,son,1
2004,08,8 years,5-9 years,5-9 years,female,F,parent,DA,daughter,1
2004,08,8 years,5-9 years,5-9 years,male,M,parent,DA,daughter,2
2004,09,9 years,5-9 years,5-9 years,female,F,parent,DA,daughter,2
2004,09,9 years,5-9 years,5-9 years,female,F,parent,SO,son,1
2004,09,9 years,5-9 years,5-9 years,male,M,parent,DA,daughter,2
2004,09,9 years,5-9 years,5-9 years,male,M,parent,SO,son,2
2004,09,9 years,5-9 years,5-9 years,male,M,stepparent,SD,stepdaughter,1
2004,10,10 years,10-14 years,10-14 years,female,F,parent,SO,son,1
2004,11,11 years,10-14 years,10-14 years,female,F,parent,DA,daughter,2
2004,11,11 years,10-14 years,10-14 years,female,F,parent,SO,son,2
2004,11,11 years,10-14 years,10-14 years,male,M,parent,SO,son,1
2004,12,12 years,10-14 years,10-14 years,female,F,parent,DA,daughter,1
2004,12,12 years,10-14 years,10-14 years,female,F,parent,SO,son,1
2004,12,12 years,10-14 years,10-14 years,male,M,parent,DA,daughter,1
2004,12,12 years,10-14 years,10-14 years,male,M,parent,SO,son,1
2004,13,13 years,10-14 years,10-14 years,female,F,parent,DA,daughter,1
2004,13,13 years,10-14 years,10-14 years,female,F,parent,SO,son,1
2004,13,13 years,10-14 years,10-14 years,male,M,parent,DA,daughter,1
2004,13,13 years,10-14 years,10-14 years,male,M,parent,SO,son,1
2004,14,14 years,10-14 years,10-14 years,female,F,parent,SO,son,1
2004,15,15 years,15-17 years,15-17 years,male,M,stepparent,SD,stepdaughter,4
2004,16,16 years,15-17 years,15-17 years,female,F,parent,DA,daughter,1
2004,16,16 years,15-17 years,15-17 years,female,F,parent,SO,son,1
2004,16,16 years,15-17 years,15-17 years,male,M,parent,DA,daughter,1
2004,16,16 years,15-17 years,15-17 years,male,M,parent,SO,son,2
2004,17,17 years,15-17 years,15-17 years,female,F,parent,DA,daughter,1
2004,17,17 years,15-17 years,15-17 years,male,M,parent,SO,son,1
2004,17,17 years,15-17 years,15-17 years,male,M,stepparent,SS,stepson,1
2004,BB,7-364 days,under 1 year,7-364 days,female,F,parent,DA,daughter,19
2004,BB,7-364 days,under 1 year,7-364 days,female,F,parent,SO,son,12
2004,BB,7-364 days,under 1 year,7-364 days,male,M,parent,DA,daughter,38
2004,BB,7-364 days,under 1 year,7-364 days,male,M,parent,SO,son,40
2004,BB,7-364 days,under 1 year,7-364 days,male,M,stepparent,SS,stepson,1
2004,NB,0-6 days,under 1 year,0-6 days,female,F,parent,DA,daughter,7
2004,NB,0-6 days,under 1 year,0-6 days,female,F,parent,SO,son,4
2004,NB,0-6 days,under 1 year,0-6 days,male,M,parent,DA,daughter,1
2004,NB,0-6 days,under 1 year,0-6 days,male,M,parent,SO,son,4
2005,01,1 years,1-4 years,1-4 years,female,F,parent,DA,daughter,12
2005,01,1 years,1-4 years,1-4 years,female,F,parent,SO,son,13
2005,01,1 years,1-4 years,1-4 years,female,F,stepparent,SD,stepdaughter,1
2005,01,1 years,1-4 years,1-4 years,male,M,parent,DA,daughter,15
2005,01,1 years,1-4 years,1-4 years,male,M,parent,SO,son,18
2005,01,1 years,1-4 years,1-4 years,male,M,stepparent,SD,stepdaughter,2
2005,01,1 years,1-4 years,1-4 years,male,M,stepparent,SS,stepson,3
2005,02,2 years,1-4 years,1-4 years,female,F,parent,DA,daughter,9
2005,02,2 years,1-4 years,1-4 years,female,F,parent,SO,son,10
2005,02,2 years,1-4 years,1-4 years,male,M,parent,DA,daughter,10
2005,02,2 years,1-4 years,1-4 years,male,M,parent,SO,son,11
2005,02,2 years,1-4 years,1-4 years,male,M,stepparent,SS,stepson,3
2005,03,3 years,1-4 years,1-4 years,female,F,parent,DA,daughter,5
2005,03,3 years,1-4 years,1-4 years,female,F,parent,SO,son,4
2005,03,3 years,1-4 years,1-4 years,male,M,parent,DA,daughter,2
2005,03,3 years,1-4 years,1-4 years,male,M,parent,SO,son,2
2005,03,3 years,1-4 years,1-4 years,male,M,stepparent,SD,stepdaughter,1
2005,04,4 years,1-4 years,1-4 years,female,F,parent,DA,daughter,3
2005,04,4 years,1-4 years,1-4 years,female,F,parent,SO,son,8
2005,04,4 years,1-4 years,1-4 years,female,F,stepparent,SD,stepdaughter,1
2005,04,4 years,1-4 years,1-4 years,female,F,stepparent,SS,stepson,1
2005,04,4 years,1-4 years,1-4 years,male,M,parent,DA,daughter,4
2005,04,4 years,1-4 years,1-4 years,male,M,parent,SO,son,6
2005,04,4 years,1-4 years,1-4 years,male,M,stepparent,SD,stepdaughter,2
2005,04,4 years,1-4 years,1-4 years,male,M,stepparent,SS,stepson,1
2005,05,5 years,5-9 years,5-9 years,female,F,parent,DA,daughter,2
2005,05,5 years,5-9 years,5-9 years,female,F,parent,SO,son,2
2005,05,5 years,5-9 years,5-9 years,male,M,parent,DA,daughter,5
2005,05,5 years,5-9 years,5-9 years,male,M,parent,SO,son,2
2005,05,5 years,5-9 years,5-9 years,male,M,stepparent,SS,stepson,1
2005,06,6 years,5-9 years,5-9 years,female,F,parent,DA,daughter,2
2005,06,6 years,5-9 years,5-9 years,female,F,parent,SO,son,4
2005,06,6 years,5-9 years,5-9 years,female,F,stepparent,SS,stepson,1
2005,06,6 years,5-9 years,5-9 years,male,M,parent,DA,daughter,2
2005,06,6 years,5-9 years,5-9 years,male,M,parent,SO,son,2
2005,06,6 years,5-9 years,5-9 years,male,M,stepparent,SD,stepdaughter,1
2005,07,7 years,5-9 years,5-9 years,female,F,parent,DA,daughter,1
2005,07,7 years,5-9 years,5-9 years,female,F,parent,SO,son,1
2005,07,7 years,5-9 years,5-9 years,male,M,parent,DA,daughter,4
2005,07,7 years,5-9 years,5-9 years,male,M,stepparent,SD,stepdaughter,1
2005,08,8 years,5-9 years,5-9 years,female,F,parent,DA,daughter,1
2005,08,8 years,5-9 years,5-9 years,female,F,parent,SO,son,2
2005,08,8 years,5-9 years,5-9 years,male,M,parent,DA,daughter,2
2005,08,8 years,5-9 years,5-9 years,male,M,parent,SO,son,1
2005,09,9 years,5-9 years,5-9 years,male,M,parent,SO,son,2
2005,10,10 years,10-14 years,10-14 years,female,F,parent,DA,daughter,1
2005,10,10 years,10-14 years,10-14 years,female,F,parent,SO,son,1
2005,10,10 years,10-14 years,10-14 years,male,M,parent,DA,daughter,1
2005,10,10 years,10-14 years,10-14 years,male,M,parent,SO,son,1
2005,11,11 years,10-14 years,10-14 years,female,F,parent,DA,daughter,2
2005,11,11 years,10-14 years,10-14 years,female,F,parent,SO,son,1
2005,11,11 years,10-14 years,10-14 years,male,M,parent,SO,son,1
2005,11,11 years,10-14 years,10-14 years,male,M,stepparent,SD,stepdaughter,1
2005,12,12 years,10-14 years,10-14 years,female,F,parent,DA,daughter,1
2005,12,12 years,10-14 years,10-14 years,female,F,parent,SO,son,1
2005,12,12 years,10-14 years,10-14 years,male,M,stepparent,SD,stepdaughter,1
2005,12,12 years,10-14 years,10-14 years,male,M,stepparent,SS,stepson,1
2005,13,13 years,10-14 years,10-14 years,female,F,parent,DA,daughter,1
2005,13,13 years,10-14 years,10-14 years,female,F,parent,SO,son,1
2005,13,13 years,10-14 years,10-14 years,male,M,parent,DA,daughter,1
2005,13,13 years,10-14 years,10-14 years,male,M,stepparent,SD,stepdaughter,2
2005,13,13 years,10-14 years,10-14 years,male,M,stepparent,SS,stepson,1
2005,14,14 years,10-14 years,10-14 years,female,F,parent,DA,daughter,2
2005,14,14 years,10-14 years,10-14 years,male,M,parent,DA,daughter,1
2005,14,14 years,10-14 years,10-14 years,male,M,stepparent,SD,stepdaughter,1
2005,14,14 years,10-14 years,10-14 years,male,M,stepparent,SS,stepson,1
2005,15,15 years,15-17 years,15-17 years,female,F,parent,DA,daughter,1
2005,15,15 years,15-17 years,15-17 years,male,M,parent,DA,daughter,1
2005,15,15 years,15-17 years,15-17 years,male,M,parent,SO,son,3
2005,15,15 years,15-17 years,15-17 years,male,M,stepparent,SD,stepdaughter,1
2005,BB,7-364 days,under 1 year,7-364 days,female,F,parent,DA,daughter,21
2005,BB,7-364 days,under 1 year,7-364 days,female,F,parent,SO,son,24
2005,BB,7-364 days,under 1 year,7-364 days,male,M,parent,DA,daughter,33
2005,BB,7-364 days,under 1 year,7-364 days,male,M,parent,SO,son,42
2005,BB,7-364 days,under 1 year,7-364 days,male,M,stepparent,SS,stepson,2
2005,NB,0-6 days,under 1 year,0-6 days,female,F,parent,DA,daughter,9
2005,NB,0-6 days,under 1 year,0-6 days,female,F,parent,SO,son,10
2005,NB,0-6 days,under 1 year,0-6 days,male,M,parent,DA,daughter,2
2005,NB,0-6 days,under 1 year,0-6 days,male,M,parent,SO,son,3
2006,01,1 years,1-4 years,1-4 years,female,F,parent,DA,daughter,13
2006,01,1 years,1-4 years,1-4 years,female,F,parent,SO,son,10
2006,01,1 years,1-4 years,1-4 years,female,F,stepparent,SD,stepdaughter,1
2006,01,1 years,1-4 years,1-4 years,male,M,parent,DA,daughter,9
2006,01,1 years,1-4 years,1-4 years,male,M,parent,SO,son,21
2006,01,1 years,1-4 years,1-4 years,male,M,stepparent,SD,stepdaughter,2
2006,01,1 years,1-4 years,1-4 years,male,M,stepparent,SS,stepson,2
2006,02,2 years,1-4 years,1-4 years,female,F,parent,DA,daughter,8
2006,02,2 years,1-4 years,1-4 years,female,F,parent,SO,son,8
2006,02,2 years,1-4 years,1-4 years,male,M,parent,DA,daughter,8
2006,02,2 years,1-4 years,1-4 years,male,M,parent,SO,son,11
2006,02,2 years,1-4 years,1-4 years,male,M,stepparent,SD,stepdaughter,1
2006,02,2 years,1-4 years,1-4 years,male,M,stepparent,SS,stepson,2
2006,03,3 years,1-4 years,1-4 years,female,F,parent,DA,daughter,7
2006,03,3 years,1-4 years,1-4 years,female,F,parent,SO,son,2
2006,03,3 years,1-4 years,1-4 years,female,F,stepparent,SS,stepson,1
2006,03,3 years,1-4 years,1-4 years,male,M,parent,DA,daughter,4
2006,03,3 years,1-4 years,1-4 years,male,M,parent,SO,son,5
2006,03,3 years,1-4 years,1-4 years,male,M,stepparent,SS,stepson,5
2006,04,4 years,1-4 years,1-4 years,female,F,parent,DA,daughter,4
2006,04,4 years,1-4 years,1-4 years,female,F,parent,SO,son,8
2006,04,4 years,1-4 years,1-4 years,male,M,parent,DA,daughter,3
2006,04,4 years,1-4 years,1-4 years,male,M,parent,SO,son,9
2006,04,4 years,1-4 years,1-4 years,male,M,stepparent,SD,stepdaughter,2
2006,04,4 years,1-4 years,1-4 years,male,M,stepparent,SS,stepson,1
2006,05,5 years,5-9 years,5-9 years,female,F,parent,DA,daughter,1
2006,05,5 years,5-9 years,5-9 years,female,F,parent,SO,son,3
2006,05,5 years,5-9 years,5-9 years,female,F,stepparent,SD,stepdaughter,1
2006,05,5 years,5-9 years,5-9 years,male,M,parent,DA,daughter,5
2006,05,5 years,5-9 years,5-9 years,male,M,parent,SO,son,1
2006,05,5 years,5-9 years,5-9 years,male,M,stepparent,SS,stepson,1
2006,06,6 years,5-9 years,5-9 years,female,F,parent,SO,son,1
2006,06,6 years,5-9 years,5-9 years,male,M,parent,DA,daughter,1
2006,06,6 years,5-9 years,5-9 years,male,M,parent,SO,son,1
2006,07,7 years,5-9 years,5-9 years,female,F,parent,DA,daughter,1
2006,07,7 years,5-9 years,5-9 years,female,F,parent,SO,son,1
2006,07,7 years,5-9 years,5-9 years,male,M,parent,DA,daughter,4
2006,07,7 years,5-9 years,5-9 years,male,M,parent,SO,son,1
2006,08,8 years,5-9 years,5-9 years,female,F,parent,DA,daughter,1
2006,08,8 years,5-9 years,5-9 years,female,F,parent,SO,son,4
2006,08,8 years,5-9 years,5-9 years,male,M,parent,DA,daughter,3
2006,08,8 years,5-9 years,5-9 years,male,M,parent,SO,son,1
2006,09,9 years,5-9 years,5-9 years,female,F,parent,SO,son,1
2006,09,9 years,5-9 years,5-9 years,male,M,parent,DA,daughter,2
2006,09,9 years,5-9 years,5-9 years,male,M,parent,SO,son,2
2006,09,9 years,5-9 years,5-9 years,male,M,stepparent,SS,stepson,1
2006,10,10 years,10-14 years,10-14 years,female,F,parent,SO,son,1
2006,10,10 years,10-14 years,10-14 years,female,F,stepparent,SD,stepdaughter,1
2006,10,10 years,10-14 years,10-14 years,male,M,parent,DA,daughter,3
2006,10,10 years,10-14 years,10-14 years,male,M,parent,SO,son,1
2006,11,11 years,10-14 years,10-14 years,male,M,parent,DA,daughter,1
2006,12,12 years,10-14 years,10-14 years,female,F,parent,SO,son,1
2006,12,12 years,10-14 years,10-14 years,male,M,parent,DA,daughter,1
2006,12,12 years,10-14 years,10-14 years,male,M,parent,SO,son,2
2006,12,12 years,10-14 years,10-14 years,male,M,stepparent,SS,stepson,2
2006,13,13 years,10-14 years,10-14 years,female,F,parent,SO,son,2
2006,13,13 years,10-14 years,10-14 years,male,M,parent,SO,son,1
2006,14,14 years,10-14 years,10-14 years,female,F,parent,DA,daughter,1
2006,14,14 years,10-14 years,10-14 years,male,M,parent,SO,son,1
2006,14,14 years,10-14 years,10-14 years,male,M,stepparent,SD,stepdaughter,1
2006,15,15 years,15-17 years,15-17 years,male,M,stepparent,SD,stepdaughter,2
2006,16,16 years,15-17 years,15-17 years,male,M,parent,SO,son,1
2006,16,16 years,15-17 years,15-17 years,male,M,stepparent,SD,stepdaughter,1
2006,17,17 years,15-17 years,15-17 years,male,M,stepparent,SD,stepdaughter,2
2006,BB,7-364 days,under 1 year,7-364 days,female,F,parent,DA,daughter,18
2006,BB,7-364 days,under 1 year,7-364 days,female,F,parent,SO,son,30
2006,BB,7-364 days,under 1 year,7-364 days,male,M,parent,DA,daughter,32
2006,BB,7-364 days,under 1 year,7-364 days,male,M,parent,SO,son,61
2006,BB,7-364 days,under 1 year,7-364 days,male,M,stepparent,SS,stepson,2
2006,NB,0-6 days,under 1 year,0-6 days,female,F,parent,DA,daughter,13
2006,NB,0-6 days,under 1 year,0-6 days,female,F,parent,SO,son,11
2006,NB,0-6 days,under 1 year,0-6 days,male,M,parent,DA,daughter,2
2006,NB,0-6 days,under 1 year,0-6 days,male,M,parent,SO,son,1
2007,01,1 years,1-4 years,1-4 years,female,F,parent,DA,daughter,17
2007,01,1 years,1-4 years,1-4 years,female,F,parent,SO,son,15
2007,01,1 years,1-4 years,1-4 years,male,M,parent,DA,daughter,17
2007,01,1 years,1-4 years,1-4 years,male,M,parent,SO,son,16
2007,01,1 years,1-4 years,1-4 years,male,M,stepparent,SD,stepdaughter,3
2007,01,1 years,1-4 years,1-4 years,male,M,stepparent,SS,stepson,5
2007,02,2 years,1-4 years,1-4 years,female,F,parent,DA,daughter,11
2007,02,2 years,1-4 years,1-4 years,female,F,parent,SO,son,11
2007,02,2 years,1-4 years,1-4 years,male,M,parent,DA,daughter,4
2007,02,2 years,1-4 years,1-4 years,male,M,parent,SO,son,13
2007,02,2 years,1-4 years,1-4 years,male,M,stepparent,SD,stepdaughter,2
2007,02,2 years,1-4 years,1-4 years,male,M,stepparent,SS,stepson,6
2007,03,3 years,1-4 years,1-4 years,female,F,parent,DA,daughter,8
2007,03,3 years,1-4 years,1-4 years,female,F,parent,SO,son,4
2007,03,3 years,1-4 years,1-4 years,male,M,parent,DA,daughter,4
2007,03,3 years,1-4 years,1-4 years,male,M,parent,SO,son,3
2007,03,3 years,1-4 years,1-4 years,male,M,stepparent,SD,stepdaughter,4
2007,04,4 years,1-4 years,1-4 years,female,F,parent,DA,daughter,3
2007,04,4 years,1-4 years,1-4 years,female,F,parent,SO,son,3
2007,04,4 years,1-4 years,1-4 years,female,F,stepparent,SD,stepdaughter,1
2007,04,4 years,1-4 years,1-4 years,male,M,parent,DA,daughter,4
2007,04,4 years,1-4 years,1-4 years,male,M,parent,SO,son,4
2007,04,4 years,1-4 years,1-4 years,male,M,stepparent,SD,stepdaughter,1
2007,04,4 years,1-4 years,1-4 years,male,M,stepparent,SS,stepson,1
2007,05,5 years,5-9 years,5-9 years,female,F,parent,DA,daughter,3
2007,05,5 years,5-9 years,5-9 years,female,F,parent,SO,son,1
2007,05,5 years,5-9 years,5-9 years,female,F,stepparent,SD,stepdaughter,1
2007,05,5 years,5-9 years,5-9 years,male,M,parent,DA,daughter,4
2007,05,5 years,5-9 years,5-9 years,male,M,parent,SO,son,2
2007,05,5 years,5-9 years,5-9 years,male,M,stepparent,SS,stepson,1
2007,06,6 years,5-9 years,5-9 years,female,F,parent,DA,daughter,1
2007,06,6 years,5-9 years,5-9 years,female,F,parent,SO,son,1
2007,06,6 years,5-9 years,5-9 years,male,M,parent,DA,daughter,2
2007,06,6 years,5-9 years,5-9 years,male,M,parent,SO,son,2
2007,06,6 years,5-9 years,5-9 years,male,M,stepparent,SS,stepson,1
2007,07,7 years,5-9 years,5-9 years,female,F,parent,DA,daughter,1
2007,07,7 years,5-9 years,5-9 years,female,F,parent,SO,son,2
2007,07,7 years,5-9 years,5-9 years,male,M,parent,DA,daughter,1
2007,07,7 years,5-9 years,5-9 years,male,M,parent,SO,son,3
2007,07,7 years,5-9 years,5-9 years,male,M,stepparent,SS,stepson,1
2007,08,8 years,5-9 years,5-9 years,female,F,parent,DA,daughter,2
2007,08,8 years,5-9 years,5-9 years,female,F,parent,SO,son,1
2007,08,8 years,5-9 years,5-9 years,male,M,parent,DA,daughter,3
2007,09,9 years,5-9 years,5-9 years,female,F,parent,DA,daughter,3
2007,09,9 years,5-9 years,5-9 years,female,F,parent,SO,son,2
2007,09,9 years,5-9 years,5-9 years,female,F,stepparent,SS,stepson,1
2007,09,9 years,5-9 years,5-9 years,male,M,parent,SO,son,2
2007,09,9 years,5-9 years,5-9 years,male,M,stepparent,SD,stepdaughter,1
2007,09,9 years,5-9 years,5-9 years,male,M,stepparent,SS,stepson,1
2007,10,10 years,10-14 years,10-14 years,female,F,parent,SO,son,1
2007,10,10 years,10-14 years,10-14 years,male,M,parent,SO,son,2
2007,11,11 years,10-14 years,10-14 years,female,F,parent,DA,daughter,1
2007,11,11 years,10-14 years,10-14 years,male,M,parent,SO,son,3
2007,12,12 years,10-14 years,10-14 years,female,F,parent,DA,daughter,1
2007,12,12 years,10-14 years,10-14 years,female,F,stepparent,SD,stepdaughter,1
2007,12,12 years,10-14 years,10-14 years,male,M,parent,DA,daughter,2
2007,13,13 years,10-14 years,10-14 years,female,F,parent,DA,daughter,2
2007,13,13 years,10-14 years,10-14 years,male,M,parent,DA,daughter,2
2007,13,13 years,10-14 years,10-14 years,male,M,stepparent,SD,stepdaughter,1
2007,14,14 years,10-14 years,10-14 years,female,F,parent,DA,daughter,1
2007,14,14 years,10-14 years,10-14 years,male,M,parent,DA,daughter,2
2007,14,14 years,10-14 years,10-14 years,male,M,parent,SO,son,1
2007,15,15 years,15-17 years,15-17 years,male,M,stepparent,SD,stepdaughter,1
2007,16,16 years,15-17 years,15-17 years,male,M,parent,SO,son,1
2007,16,16 years,15-17 years,15-17 years,male,M,stepparent,SD,stepdaughter,1
2007,16,16 years,15-17 years,15-17 years,male,M,stepparent,SS,stepson,1
2007,17,17 years,15-17 years,15-17 years,female,F,parent,DA,daughter,2
2007,17,17 years,15-17 years,15-17 years,female,F,parent,SO,son,1
2007,17,17 years,15-17 years,15-17 years,male,M,parent,SO,son,2
2007,BB,7-364 days,under 1 year,7-364 days,female,F,parent,DA,daughter,19
2007,BB,7-364 days,under 1 year,7-364 days,female,F,parent,SO,son,25
2007,BB,7-364 days,under 1 year,7-364 days,male,M,parent,DA,daughter,43
2007,BB,7-364 days,under 1 year,7-364 days,male,M,parent,SO,son,40
2007,BB,7-364 days,under 1 year,7-364 days,male,M,stepparent,SD,stepdaughter,1
2007,BB,7-364 days,under 1 year,7-364 days,male,M,stepparent,SS,stepson,1
2007,NB,0-6 days,under 1 year,0-6 days,female,F,parent,DA,daughter,16
2007,NB,0-6 days,under 1 year,0-6 days,female,F,parent,SO,son,15
2007,NB,0-6 days,under 1 year,0-6 days,male,M,parent,DA,daughter,4
2007,NB,0-6 days,under 1 year,0-6 days,male,M,parent,SO,son,4
2008,01,1 years,1-4 years,1-4 years,female,F,parent,DA,daughter,12
2008,01,1 years,1-4 years,1-4 years,female,F,parent,SO,son,30
2008,01,1 years,1-4 years,1-4 years,female,F,stepparent,SD,stepdaughter,1
2008,01,1 years,1-4 years,1-4 years,male,M,parent,DA,daughter,14
2008,01,1 years,1-4 years,1-4 years,male,M,parent,SO,son,18
2008,01,1 years,1-4 years,1-4 years,male,M,stepparent,SD,stepdaughter,3
2008,01,1 years,1-4 years,1-4 years,male,M,stepparent,SS,stepson,1
2008,02,2 years,1-4 years,1-4 years,female,F,parent,DA,daughter,9
2008,02,2 years,1-4 years,1-4 years,female,F,parent,SO,son,10
2008,02,2 years,1-4 years,1-4 years,female,F,stepparent,SD,stepdaughter,1
2008,02,2 years,1-4 years,1-4 years,male,M,parent,DA,daughter,6
2008,02,2 years,1-4 years,1-4 years,male,M,parent,SO,son,11
2008,02,2 years,1-4 years,1-4 years,male,M,stepparent,SD,stepdaughter,3
2008,02,2 years,1-4 years,1-4 years,male,M,stepparent,SS,stepson,5
2008,03,3 years,1-4 years,1-4 years,female,F,parent,DA,daughter,4
2008,03,3 years,1-4 years,1-4 years,female,F,parent,SO,son,4
2008,03,3 years,1-4 years,1-4 years,female,F,stepparent,SD,stepdaughter,1
2008,03,3 years,1-4 years,1-4 years,male,M,parent,DA,daughter,5
2008,03,3 years,1-4 years,1-4 years,male,M,parent,SO,son,8
2008,03,3 years,1-4 years,1-4 years,male,M,stepparent,SD,stepdaughter,5
2008,03,3 years,1-4 years,1-4 years,male,M,stepparent,SS,stepson,1
2008,04,4 years,1-4 years,1-4 years,female,F,parent,DA,daughter,5
2008,04,4 years,1-4 years,1-4 years,female,F,parent,SO,son,4
2008,04,4 years,1-4 years,1-4 years,male,M,parent,DA,daughter,2
2008,04,4 years,1-4 years,1-4 years,male,M,parent,SO,son,6
2008,04,4 years,1-4 years,1-4 years,male,M,stepparent,SS,stepson,2
2008,05,5 years,5-9 years,5-9 years,female,F,parent,DA,daughter,1
2008,05,5 years,5-9 years,5-9 years,female,F,parent,SO,son,2
2008,05,5 years,5-9 years,5-9 years,female,F,stepparent,SS,stepson,1
2008,05,5 years,5-9 years,5-9 years,male,M,parent,DA,daughter,1
2008,05,5 years,5-9 years,5-9 years,male,M,parent,SO,son,2
2008,05,5 years,5-9 years,5-9 years,male,M,stepparent,SS,stepson,1
2008,06,6 years,5-9 years,5-9 years,female,F,parent,DA,daughter,2
2008,07,7 years,5-9 years,5-9 years,female,F,parent,DA,daughter,1
2008,07,7 years,5-9 years,5-9 years,male,M,parent,DA,daughter,2
2008,07,7 years,5-9 years,5-9 years,male,M,parent,SO,son,4
2008,07,7 years,5-9 years,5-9 years,male,M,stepparent,SS,stepson,1
2008,08,8 years,5-9 years,5-9 years,female,F,parent,DA,daughter,3
2008,08,8 years,5-9 years,5-9 years,female,F,parent,SO,son,1
2008,09,9 years,5-9 years,5-9 years,female,F,parent,DA,daughter,3
2008,09,9 years,5-9 years,5-9 years,female,F,parent,SO,son,1
2008,09,9 years,5-9 years,5-9 years,male,M,parent,DA,daughter,2
2008,10,10 years,10-14 years,10-14 years,female,F,parent,DA,daughter,1
2008,10,10 years,10-14 years,10-14 years,female,F,parent,SO,son,1
2008,10,10 years,10-14 years,10-14 years,male,M,parent,DA,daughter,1
2008,10,10 years,10-14 years,10-14 years,male,M,parent,SO,son,3
2008,10,10 years,10-14 years,10-14 years,male,M,stepparent,SD,stepdaughter,1
2008,11,11 years,10-14 years,10-14 years,female,F,parent,DA,daughter,1
2008,11,11 years,10-14 years,10-14 years,female,F,parent,SO,son,1
2008,11,11 years,10-14 years,10-14 years,male,M,parent,DA,daughter,1
2008,12,12 years,10-14 years,10-14 years,male,M,parent,DA,daughter,1
2008,12,12 years,10-14 years,10-14 years,male,M,parent,SO,son,2
2008,12,12 years,10-14 years,10-14 years,male,M,stepparent,SD,stepdaughter,1
2008,13,13 years,10-14 years,10-14 years,female,F,parent,SO,son,3
2008,13,13 years,10-14 years,10-14 years,male,M,parent,DA,daughter,1
2008,13,13 years,10-14 years,10-14 years,male,M,parent,SO,son,3
2008,14,14 years,10-14 years,10-14 years,female,F,parent,SO,son,2
2008,14,14 years,10-14 years,10-14 years,male,M,parent,DA,daughter,2
2008,15,15 years,15-17 years,15-17 years,female,F,parent,SO,son,1
2008,15,15 years,15-17 years,15-17 years,male,M,parent,DA,daughter,1
2008,15,15 years,15-17 years,15-17 years,male,M,parent,SO,son,1
2008,16,16 years,15-17 years,15-17 years,female,F,parent,DA,daughter,1
2008,16,16 years,15-17 years,15-17 years,male,M,parent,SO,son,1
2008,16,16 years,15-17 years,15-17 years,male,M,stepparent,SD,stepdaughter,1
2008,17,17 years,15-17 years,15-17 years,male,M,parent,SO,son,1
2008,BB,7-364 days,under 1 year,7-364 days,female,F,parent,DA,daughter,26
2008,BB,7-364 days,under 1 year,7-364 days,female,F,parent,SO,son,26
2008,BB,7-364 days,under 1 year,7-364 days,male,M,parent,DA,daughter,43
2008,BB,7-364 days,under 1 year,7-364 days,male,M,parent,SO,son,46
2008,BB,7-364 days,under 1 year,7-364 days,male,M,stepparent,SD,stepdaughter,2
2008,BB,7-364 days,under 1 year,7-364 days,male,M,stepparent,SS,stepson,2
2008,NB,0-6 days,under 1 year,0-6 days,female,F,parent,DA,daughter,10
2008,NB,0-6 days,under 1 year,0-6 days,female,F,parent,SO,son,9
2008,NB,0-6 days,under 1 year,0-6 days,male,M,parent,DA,daughter,3
2008,NB,0-6 days,under 1 year,0-6 days,male,M,parent,SO,son,2
2009,01,1 years,1-4 years,1-4 years,female,F,parent,DA,daughter,14
2009,01,1 years,1-4 years,1-4 years,female,F,parent,SO,son,11
2009,01,1 years,1-4 years,1-4 years,male,M,parent,DA,daughter,14
2009,01,1 years,1-4 years,1-4 years,male,M,parent,SO,son,18
2009,01,1 years,1-4 years,1-4 years,male,M,stepparent,SD,stepdaughter,3
2009,01,1 years,1-4 years,1-4 years,male,M,stepparent,SS,stepson,6
2009,02,2 years,1-4 years,1-4 years,female,F,parent,DA,daughter,3
2009,02,2 years,1-4 years,1-4 years,female,F,parent,SO,son,10
2009,02,2 years,1-4 years,1-4 years,male,M,parent,DA,daughter,5
2009,02,2 years,1-4 years,1-4 years,male,M,parent,SO,son,16
2009,02,2 years,1-4 years,1-4 years,male,M,stepparent,SD,stepdaughter,1
2009,02,2 years,1-4 years,1-4 years,male,M,stepparent,SS,stepson,1
2009,03,3 years,1-4 years,1-4 years,female,F,parent,DA,daughter,6
2009,03,3 years,1-4 years,1-4 years,female,F,parent,SO,son,8
2009,03,3 years,1-4 years,1-4 years,female,F,stepparent,SD,stepdaughter,2
2009,03,3 years,1-4 years,1-4 years,male,M,parent,DA,daughter,2
2009,03,3 years,1-4 years,1-4 years,male,M,parent,SO,son,9
2009,03,3 years,1-4 years,1-4 years,male,M,stepparent,SD,stepdaughter,1
2009,03,3 years,1-4 years,1-4 years,male,M,stepparent,SS,stepson,2
2009,04,4 years,1-4 years,1-4 years,female,F,parent,DA,daughter,4
2009,04,4 years,1-4 years,1-4 years,female,F,parent,SO,son,5
2009,04,4 years,1-4 years,1-4 years,female,F,stepparent,SD,stepdaughter,1
2009,04,4 years,1-4 years,1-4 years,male,M,parent,DA,daughter,1
2009,04,4 years,1-4 years,1-4 years,male,M,parent,SO,son,4
2009,04,4 years,1-4 years,1-4 years,male,M,stepparent,SD,stepdaughter,1
2009,04,4 years,1-4 years,1-4 years,male,M,stepparent,SS,stepson,1
2009,05,5 years,5-9 years,5-9 years,female,F,parent,DA,daughter,2
2009,05,5 years,5-9 years,5-9 years,female,F,parent,SO,son,2
2009,05,5 years,5-9 years,5-9 years,male,M,parent,DA,daughter,1
2009,05,5 years,5-9 years,5-9 years,male,M,parent,SO,son,1
2009,05,5 years,5-9 years,5-9 years,male,M,stepparent,SD,stepdaughter,1
2009,06,6 years,5-9 years,5-9 years,female,F,parent,DA,daughter,1
2009,06,6 years,5-9 years,5-9 years,female,F,parent,SO,son,2
2009,06,6 years,5-9 years,5-9 years,male,M,parent,DA,daughter,3
2009,06,6 years,5-9 years,5-9 years,male,M,parent,SO,son,1
2009,06,6 years,5-9 years,5-9 years,male,M,stepparent,SS,stepson,1
2009,07,7 years,5-9 years,5-9 years,female,F,parent,SO,son,2
2009,07,7 years,5-9 years,5-9 years,male,M,parent,DA,daughter,3
2009,07,7 years,5-9 years,5-9 years,male,M,parent,SO,son,5
2009,08,8 years,5-9 years,5-9 years,female,F,parent,DA,daughter,3
2009,08,8 years,5-9 years,5-9 years,female,F,parent,SO,son,2
2009,08,8 years,5-9 years,5-9 years,male,M,parent,DA,daughter,2
2009,08,8 years,5-9 years,5-9 years,male,M,parent,SO,son,1
2009,09,9 years,5-9 years,5-9 years,female,F,parent,DA,daughter,2
2009,09,9 years,5-9 years,5-9 years,male,M,parent,SO,son,2
2009,10,10 years,10-14 years,10-14 years,female,F,parent,DA,daughter,1
2009,10,10 years,10-14 years,10-14 years,female,F,parent,SO,son,1
2009,10,10 years,10-14 years,10-14 years,male,M,parent,DA,daughter,2
2009,10,10 years,10-14 years,10-14 years,male,M,parent,SO,son,2
2009,10,10 years,10-14 years,10-14 years,male,M,stepparent,SS,stepson,1
2009,11,11 years,10-14 years,10-14 years,female,F,parent,DA,daughter,2
2009,11,11 years,10-14 years,10-14 years,female,F,parent,SO,son,1
2009,11,11 years,10-14 years,10-14 years,male,M,parent,DA,daughter,1
2009,11,11 years,10-14 years,10-14 years,male,M,parent,SO,son,1
2009,12,12 years,10-14 years,10-14 years,female,F,parent,DA,daughter,2
2009,12,12 years,10-14 years,10-14 years,female,F,parent,SO,son,2
2009,12,12 years,10-14 years,10-14 years,male,M,parent,DA,daughter,1
2009,13,13 years,10-14 years,10-14 years,female,F,parent,DA,daughter,1
2009,13,13 years,10-14 years,10-14 years,male,M,parent,DA,daughter,1
2009,13,13 years,10-14 years,10-14 years,male,M,parent,SO,son,1
2009,14,14 years,10-14 years,10-14 years,male,M,parent,SO,son,1
2009,14,14 years,10-14 years,10-14 years,male,M,stepparent,SS,stepson,1
2009,15,15 years,15-17 years,15-17 years,female,F,parent,SO,son,1
2009,15,15 years,15-17 years,15-17 years,male,M,parent,DA,daughter,3
2009,16,16 years,15-17 years,15-17 years,female,F,parent,DA,daughter,2
2009,16,16 years,15-17 years,15-17 years,female,F,parent,SO,son,2
2009,16,16 years,15-17 years,15-17 years,male,M,parent,DA,daughter,3
2009,16,16 years,15-17 years,15-17 years,male,M,parent,SO,son,3
2009,16,16 years,15-17 years,15-17 years,male,M,stepparent,SD,stepdaughter,1
2009,16,16 years,15-17 years,15-17 years,male,M,stepparent,SS,stepson,1
2009,17,17 years,15-17 years,15-17 years,female,F,stepparent,SD,stepdaughter,1
2009,17,17 years,15-17 years,15-17 years,male,M,parent,DA,daughter,1
2009,17,17 years,15-17 years,15-17 years,male,M,parent,SO,son,1
2009,BB,7-364 days,under 1 year,7-364 days,female,F,parent,DA,daughter,17
2009,BB,7-364 days,under 1 year,7-364 days,female,F,parent,SO,son,27
2009,BB,7-364 days,under 1 year,7-364 days,female,F,stepparent,SD,stepdaughter,1
2009,BB,7-364 days,under 1 year,7-364 days,male,M,parent,DA,daughter,33
2009,BB,7-364 days,under 1 year,7-364 days,male,M,parent,SO,son,33
2009,BB,7-364 days,under 1 year,7-364 days,male,M,stepparent,SD,stepdaughter,3
2009,BB,7-364 days,under 1 year,7-364 days,male,M,stepparent,SS,stepson,3
2009,NB,0-6 days,under 1 year,0-6 days,female,F,parent,DA,daughter,13
2009,NB,0-6 days,under 1 year,0-6 days,female,F,parent,SO,son,7
2009,NB,0-6 days,under 1 year,0-6 days,male,M,parent,DA,daughter,6
2009,NB,0-6 days,under 1 year,0-6 days,male,M,parent,SO,son,4
2009,NB,0-6 days,under 1 year,0-6 days,male,M,stepparent,SD,stepdaughter,1
2010,01,1 years,1-4 years,1-4 years,female,F,parent,DA,daughter,10
2010,01,1 years,1-4 years,1-4 years,female,F,parent,SO,son,14
2010,01,1 years,1-4 years,1-4 years,female,F,stepparent,SD,stepdaughter,1
2010,01,1 years,1-4 years,1-4 years,female,F,stepparent,SS,stepson,1
2010,01,1 years,1-4 years,1-4 years,male,M,parent,DA,daughter,16
2010,01,1 years,1-4 years,1-4 years,male,M,parent,SO,son,18
2010,01,1 years,1-4 years,1-4 years,male,M,stepparent,SD,stepdaughter,1
2010,01,1 years,1-4 years,1-4 years,male,M,stepparent,SS,stepson,1
2010,02,2 years,1-4 years,1-4 years,female,F,parent,DA,daughter,9
2010,02,2 years,1-4 years,1-4 years,female,F,parent,SO,son,13
2010,02,2 years,1-4 years,1-4 years,female,F,stepparent,SS,stepson,1
2010,02,2 years,1-4 years,1-4 years,male,M,parent,DA,daughter,6
2010,02,2 years,1-4 years,1-4 years,male,M,parent,SO,son,11
2010,02,2 years,1-4 years,1-4 years,male,M,stepparent,SD,stepdaughter,1
2010,02,2 years,1-4 years,1-4 years,male,M,stepparent,SS,stepson,7
2010,03,3 years,1-4 years,1-4 years,female,F,parent,DA,daughter,6
2010,03,3 years,1-4 years,1-4 years,female,F,parent,SO,son,8
2010,03,3 years,1-4 years,1-4 years,female,F,stepparent,SD,stepdaughter,4
2010,03,3 years,1-4 years,1-4 years,female,F,stepparent,SS,stepson,1
2010,03,3 years,1-4 years,1-4 years,male,M,parent,DA,daughter,6
2010,03,3 years,1-4 years,1-4 years,male,M,parent,SO,son,6
2010,03,3 years,1-4 years,1-4 years,male,M,stepparent,SD,stepdaughter,1
2010,03,3 years,1-4 years,1-4 years,male,M,stepparent,SS,stepson,4
2010,04,4 years,1-4 years,1-4 years,female,F,parent,DA,daughter,4
2010,04,4 years,1-4 years,1-4 years,female,F,parent,SO,son,4
2010,04,4 years,1-4 years,1-4 years,female,F,stepparent,SD,stepdaughter,1
2010,04,4 years,1-4 years,1-4 years,male,M,parent,DA,daughter,4
2010,04,4 years,1-4 years,1-4 years,male,M,parent,SO,son,4
2010,04,4 years,1-4 years,1-4 years,male,M,stepparent,SD,stepdaughter,1
2010,04,4 years,1-4 years,1-4 years,male,M,stepparent,SS,stepson,5
2010,05,5 years,5-9 years,5-9 years,female,F,parent,DA,daughter,3
2010,05,5 years,5-9 years,5-9 years,female,F,parent,SO,son,2
2010,05,5 years,5-9 years,5-9 years,female,F,stepparent,SD,stepdaughter,1
2010,05,5 years,5-9 years,5-9 years,male,M,parent,DA,daughter,2
2010,05,5 years,5-9 years,5-9 years,male,M,parent,SO,son,5
2010,05,5 years,5-9 years,5-9 years,male,M,stepparent,SD,stepdaughter,2
2010,06,6 years,5-9 years,5-9 years,female,F,parent,DA,daughter,1
2010,06,6 years,5-9 years,5-9 years,female,F,stepparent,SD,stepdaughter,1
2010,06,6 years,5-9 years,5-9 years,male,M,parent,SO,son,4
2010,06,6 years,5-9 years,5-9 years,male,M,stepparent,SS,stepson,1
2010,07,7 years,5-9 years,5-9 years,female,F,parent,DA,daughter,2
2010,07,7 years,5-9 years,5-9 years,male,M,parent,DA,daughter,3
2010,07,7 years,5-9 years,5-9 years,male,M,parent,SO,son,2
2010,07,7 years,5-9 years,5-9 years,male,M,stepparent,SD,stepdaughter,1
2010,07,7 years,5-9 years,5-9 years,male,M,stepparent,SS,stepson,1
2010,08,8 years,5-9 years,5-9 years,female,F,parent,DA,daughter,1
2010,08,8 years,5-9 years,5-9 years,female,F,parent,SO,son,2
2010,08,8 years,5-9 years,5-9 years,male,M,stepparent,SS,stepson,1
2010,09,9 years,5-9 years,5-9 years,female,F,parent,SO,son,1
2010,09,9 years,5-9 years,5-9 years,male,M,parent,DA,daughter,2
2010,10,10 years,10-14 years,10-14 years,female,F,parent,DA,daughter,1
2010,10,10 years,10-14 years,10-14 years,male,M,parent,SO,son,1
2010,10,10 years,10-14 years,10-14 years,male,M,stepparent,SS,stepson,1
2010,12,12 years,10-14 years,10-14 years,female,F,parent,DA,daughter,1
2010,12,12 years,10-14 years,10-14 years,female,F,parent,SO,son,1
2010,12,12 years,10-14 years,10-14 years,male,M,parent,SO,son,1
2010,13,13 years,10-14 years,10-14 years,female,F,parent,DA,daughter,1
2010,13,13 years,10-14 years,10-14 years,female,F,parent,SO,son,1
2010,13,13 years,10-14 years,10-14 years,male,M,parent,DA,daughter,1
2010,13,13 years,10-14 years,10-14 years,male,M,parent,SO,son,1
2010,14,14 years,10-14 years,10-14 years,male,M,parent,DA,daughter,1
2010,14,14 years,10-14 years,10-14 years,male,M,parent,SO,son,1
2010,14,14 years,10-14 years,10-14 years,male,M,stepparent,SD,stepdaughter,1
2010,15,15 years,15-17 years,15-17 years,male,M,parent,DA,daughter,1
2010,17,17 years,15-17 years,15-17 years,female,F,parent,DA,daughter,1
2010,17,17 years,15-17 years,15-17 years,male,M,parent,DA,daughter,1
2010,BB,7-364 days,under 1 year,7-364 days,female,F,parent,DA,daughter,22
2010,BB,7-364 days,under 1 year,7-364 days,female,F,parent,SO,son,19
2010,BB,7-364 days,under 1 year,7-364 days,male,M,parent,DA,daughter,44
2010,BB,7-364 days,under 1 year,7-364 days,male,M,parent,SO,son,34
2010,BB,7-364 days,under 1 year,7-364 days,male,M,stepparent,SD,stepdaughter,2
2010,BB,7-364 days,under 1 year,7-364 days,male,M,stepparent,SS,stepson,2
2010,NB,0-6 days,under 1 year,0-6 days,female,F,parent,DA,daughter,4
2010,NB,0-6 days,under 1 year,0-6 days,female,F,parent,SO,son,10
2010,NB,0-6 days,under 1 year,0-6 days,male,M,parent,DA,daughter,4
2010,NB,0-6 days,under 1 year,0-6 days,male,M,parent,SO,son,4
2011,01,1 years,1-4 years,1-4 years,female,F,parent,DA,daughter,13
2011,01,1 years,1-4 years,1-4 years,female,F,parent,SO,son,19
2011,01,1 years,1-4 years,1-4 years,female,F,stepparent,SD,stepdaughter,1
2011,01,1 years,1-4 years,1-4 years,male,M,parent,DA,daughter,20
2011,01,1 years,1-4 years,1-4 years,male,M,parent,SO,son,14
2011,01,1 years,1-4 years,1-4 years,male,M,stepparent,SD,stepdaughter,1
2011,01,1 years,1-4 years,1-4 years,male,M,stepparent,SS,stepson,5
2011,02,2 years,1-4 years,1-4 years,female,F,parent,DA,daughter,8
2011,02,2 years,1-4 years,1-4 years,female,F,parent,SO,son,4
2011,02,2 years,1-4 years,1-4 years,female,F,stepparent,SD,stepdaughter,1
2011,02,2 years,1-4 years,1-4 years,male,M,parent,DA,daughter,13
2011,02,2 years,1-4 years,1-4 years,male,M,parent,SO,son,12
2011,02,2 years,1-4 years,1-4 years,male,M,stepparent,SD,stepdaughter,3
2011,02,2 years,1-4 years,1-4 years,male,M,stepparent,SS,stepson,4
2011,03,3 years,1-4 years,1-4 years,female,F,parent,DA,daughter,3
2011,03,3 years,1-4 years,1-4 years,female,F,parent,SO,son,6
2011,03,3 years,1-4 years,1-4 years,male,M,parent,DA,daughter,3
2011,03,3 years,1-4 years,1-4 years,male,M,parent,SO,son,5
2011,03,3 years,1-4 years,1-4 years,male,M,stepparent,SD,stepdaughter,1
2011,03,3 years,1-4 years,1-4 years,male,M,stepparent,SS,stepson,2
2011,04,4 years,1-4 years,1-4 years,female,F,parent,DA,daughter,8
2011,04,4 years,1-4 years,1-4 years,female,F,parent,SO,son,7
2011,04,4 years,1-4 years,1-4 years,female,F,stepparent,SD,stepdaughter,1
2011,04,4 years,1-4 years,1-4 years,male,M,parent,DA,daughter,1
2011,04,4 years,1-4 years,1-4 years,male,M,parent,SO,son,3
2011,04,4 years,1-4 years,1-4 years,male,M,stepparent,SD,stepdaughter,2
2011,04,4 years,1-4 years,1-4 years,male,M,stepparent,SS,stepson,2
2011,05,5 years,5-9 years,5-9 years,female,F,parent,DA,daughter,2
2011,05,5 years,5-9 years,5-9 years,female,F,parent,SO,son,5
2011,05,5 years,5-9 years,5-9 years,male,M,parent,DA,daughter,2
2011,05,5 years,5-9 years,5-9 years,male,M,parent,SO,son,5
2011,05,5 years,5-9 years,5-9 years,male,M,stepparent,SS,stepson,3
2011,06,6 years,5-9 years,5-9 years,female,F,parent,DA,daughter,1
2011,06,6 years,5-9 years,5-9 years,female,F,parent,SO,son,1
2011,06,6 years,5-9 years,5-9 years,male,M,parent,DA,daughter,2
2011,06,6 years,5-9 years,5-9 years,male,M,parent,SO,son,4
2011,07,7 years,5-9 years,5-9 years,female,F,parent,DA,daughter,2
2011,07,7 years,5-9 years,5-9 years,female,F,parent,SO,son,1
2011,07,7 years,5-9 years,5-9 years,male,M,parent,DA,daughter,1
2011,07,7 years,5-9 years,5-9 years,male,M,parent,SO,son,3
2011,08,8 years,5-9 years,5-9 years,female,F,parent,DA,daughter,4
2011,08,8 years,5-9 years,5-9 years,female,F,parent,SO,son,2
2011,08,8 years,5-9 years,5-9 years,male,M,parent,DA,daughter,1
2011,08,8 years,5-9 years,5-9 years,male,M,parent,SO,son,1
2011,08,8 years,5-9 years,5-9 years,male,M,stepparent,SD,stepdaughter,1
2011,09,9 years,5-9 years,5-9 years,female,F,parent,DA,daughter,2
2011,09,9 years,5-9 years,5-9 years,male,M,parent,DA,daughter,1
2011,10,10 years,10-14 years,10-14 years,female,F,parent,DA,daughter,1
2011,10,10 years,10-14 years,10-14 years,female,F,parent,SO,son,2
2011,10,10 years,10-14 years,10-14 years,male,M,parent,DA,daughter,1
2011,10,10 years,10-14 years,10-14 years,male,M,parent,SO,son,2
2011,10,10 years,10-14 years,10-14 years,male,M,stepparent,SD,stepdaughter,1
2011,10,10 years,10-14 years,10-14 years,unknown/not specified,U,parent,DA,daughter,1
2011,11,11 years,10-14 years,10-14 years,female,F,parent,DA,daughter,1
2011,12,12 years,10-14 years,10-14 years,female,F,parent,DA,daughter,2
2011,12,12 years,10-14 years,10-14 years,female,F,parent,SO,son,3
2011,12,12 years,10-14 years,10-14 years,male,M,parent,DA,daughter,2
2011,12,12 years,10-14 years,10-14 years,male,M,stepparent,SD,stepdaughter,1
2011,13,13 years,10-14 years,10-14 years,female,F,parent,DA,daughter,1
2011,13,13 years,10-14 years,10-14 years,female,F,parent,SO,son,1
2011,13,13 years,10-14 years,10-14 years,male,M,parent,DA,daughter,1
2011,13,13 years,10-14 years,10-14 years,male,M,parent,SO,son,1
2011,14,14 years,10-14 years,10-14 years,female,F,parent,SO,son,1
2011,14,14 years,10-14 years,10-14 years,male,M,parent,DA,daughter,1
2011,14,14 years,10-14 years,10-14 years,male,M,parent,SO,son,1
2011,15,15 years,15-17 years,15-17 years,female,F,parent,SO,son,1
2011,15,15 years,15-17 years,15-17 years,male,M,parent,SO,son,1
2011,15,15 years,15-17 years,15-17 years,male,M,stepparent,SD,stepdaughter,1
2011,16,16 years,15-17 years,15-17 years,male,M,parent,SO,son,2
2011,16,16 years,15-17 years,15-17 years,male,M,stepparent,SD,stepdaughter,1
2011,17,17 years,15-17 years,15-17 years,female,F,parent,DA,daughter,1
2011,17,17 years,15-17 years,15-17 years,female,F,parent,SO,son,1
2011,17,17 years,15-17 years,15-17 years,male,M,parent,DA,daughter,1
2011,17,17 years,15-17 years,15-17 years,male,M,stepparent,SD,stepdaughter,1
2011,BB,7-364 days,under 1 year,7-364 days,female,F,parent,DA,daughter,15
2011,BB,7-364 days,under 1 year,7-364 days,female,F,parent,SO,son,18
2011,BB,7-364 days,under 1 year,7-364 days,male,M,parent,DA,daughter,31
2011,BB,7-364 days,under 1 year,7-364 days,male,M,parent,SO,son,47
2011,BB,7-364 days,under 1 year,7-364 days,male,M,stepparent,SS,stepson,2
2011,BB,7-364 days,under 1 year,7-364 days,unknown/not specified,U,parent,SO,son,1
2011,NB,0-6 days,under 1 year,0-6 days,female,F,parent,DA,daughter,6
2011,NB,0-6 days,under 1 year,0-6 days,female,F,parent,SO,son,8
2011,NB,0-6 days,under 1 year,0-6 days,male,M,parent,DA,daughter,4
2011,NB,0-6 days,under 1 year,0-6 days,male,M,parent,SO,son,2
2012,01,1 years,1-4 years,1-4 years,female,F,parent,DA,daughter,15
2012,01,1 years,1-4 years,1-4 years,female,F,parent,SO,son,13
2012,01,1 years,1-4 years,1-4 years,female,F,stepparent,SD,stepdaughter,1
2012,01,1 years,1-4 years,1-4 years,male,M,parent,DA,daughter,10
2012,01,1 years,1-4 years,1-4 years,male,M,parent,SO,son,11
2012,01,1 years,1-4 years,1-4 years,male,M,stepparent,SD,stepdaughter,2
2012,01,1 years,1-4 years,1-4 years,male,M,stepparent,SS,stepson,1
2012,02,2 years,1-4 years,1-4 years,female,F,parent,DA,daughter,7
2012,02,2 years,1-4 years,1-4 years,female,F,parent,SO,son,10
2012,02,2 years,1-4 years,1-4 years,female,F,stepparent,SS,stepson,1
2012,02,2 years,1-4 years,1-4 years,male,M,parent,DA,daughter,4
2012,02,2 years,1-4 years,1-4 years,male,M,parent,SO,son,10
2012,02,2 years,1-4 years,1-4 years,male,M,stepparent,SS,stepson,3
2012,03,3 years,1-4 years,1-4 years,female,F,parent,DA,daughter,5
2012,03,3 years,1-4 years,1-4 years,female,F,parent,SO,son,8
2012,03,3 years,1-4 years,1-4 years,male,M,parent,DA,daughter,4
2012,03,3 years,1-4 years,1-4 years,male,M,parent,SO,son,5
2012,03,3 years,1-4 years,1-4 years,male,M,stepparent,SD,stepdaughter,2
2012,03,3 years,1-4 years,1-4 years,male,M,stepparent,SS,stepson,1
2012,04,4 years,1-4 years,1-4 years,female,F,parent,DA,daughter,5
2012,04,4 years,1-4 years,1-4 years,female,F,parent,SO,son,6
2012,04,4 years,1-4 years,1-4 years,female,F,stepparent,SD,stepdaughter,1
2012,04,4 years,1-4 years,1-4 years,female,F,stepparent,SS,stepson,1
2012,04,4 years,1-4 years,1-4 years,male,M,parent,DA,daughter,1
2012,04,4 years,1-4 years,1-4 years,male,M,parent,SO,son,4
2012,04,4 years,1-4 years,1-4 years,male,M,stepparent,SD,stepdaughter,1
2012,05,5 years,5-9 years,5-9 years,female,F,parent,DA,daughter,2
2012,05,5 years,5-9 years,5-9 years,female,F,parent,SO,son,2
2012,05,5 years,5-9 years,5-9 years,male,M,parent,DA,daughter,3
2012,05,5 years,5-9 years,5-9 years,male,M,parent,SO,son,4
2012,06,6 years,5-9 years,5-9 years,female,F,parent,DA,daughter,1
2012,06,6 years,5-9 years,5-9 years,female,F,parent,SO,son,3
2012,06,6 years,5-9 years,5-9 years,male,M,parent,DA,daughter,1
2012,06,6 years,5-9 years,5-9 years,male,M,parent,SO,son,3
2012,07,7 years,5-9 years,5-9 years,female,F,parent,SO,son,4
2012,07,7 years,5-9 years,5-9 years,male,M,parent,DA,daughter,1
2012,07,7 years,5-9 years,5-9 years,male,M,parent,SO,son,4
2012,07,7 years,5-9 years,5-9 years,male,M,stepparent,SS,stepson,3
2012,08,8 years,5-9 years,5-9 years,female,F,parent,DA,daughter,2
2012,08,8 years,5-9 years,5-9 years,male,M,parent,DA,daughter,1
2012,08,8 years,5-9 years,5-9 years,male,M,parent,SO,son,2
2012,09,9 years,5-9 years,5-9 years,male,M,parent,DA,daughter,1
2012,09,9 years,5-9 years,5-9 years,male,M,stepparent,SD,stepdaughter,1
2012,10,10 years,10-14 years,10-14 years,female,F,parent,SO,son,3
2012,10,10 years,10-14 years,10-14 years,male,M,parent,DA,daughter,1
2012,10,10 years,10-14 years,10-14 years,male,M,parent,SO,son,3
2012,10,10 years,10-14 years,10-14 years,male,M,stepparent,SS,stepson,1
2012,11,11 years,10-14 years,10-14 years,female,F,parent,DA,daughter,1
2012,11,11 years,10-14 years,10-14 years,male,M,parent,DA,daughter,5
2012,11,11 years,10-14 years,10-14 years,male,M,stepparent,SS,stepson,1
2012,12,12 years,10-14 years,10-14 years,male,M,parent,DA,daughter,2
2012,13,13 years,10-14 years,10-14 years,female,F,parent,DA,daughter,1
2012,13,13 years,10-14 years,10-14 years,male,M,parent,DA,daughter,1
2012,13,13 years,10-14 years,10-14 years,male,M,stepparent,SS,stepson,1
2012,14,14 years,10-14 years,10-14 years,female,F,parent,DA,daughter,1
2012,14,14 years,10-14 years,10-14 years,female,F,parent,SO,son,1
2012,14,14 years,10-14 years,10-14 years,male,M,parent,DA,daughter,1
2012,14,14 years,10-14 years,10-14 years,male,M,parent,SO,son,2
2012,14,14 years,10-14 years,10-14 years,male,M,stepparent,SS,stepson,1
2012,15,15 years,15-17 years,15-17 years,female,F,parent,DA,daughter,2
2012,15,15 years,15-17 years,15-17 years,male,M,parent,DA,daughter,1
2012,15,15 years,15-17 years,15-17 years,male,M,stepparent,SD,stepdaughter,1
2012,16,16 years,15-17 years,15-17 years,female,F,parent,DA,daughter,2
2012,16,16 years,15-17 years,15-17 years,male,M,parent,DA,daughter,1
2012,16,16 years,15-17 years,15-17 years,male,M,parent,SO,son,1
2012,16,16 years,15-17 years,15-17 years,male,M,stepparent,SS,stepson,1
2012,17,17 years,15-17 years,15-17 years,male,M,parent,SO,son,1
2012,BB,7-364 days,under 1 year,7-364 days,female,F,parent,DA,daughter,10
2012,BB,7-364 days,under 1 year,7-364 days,female,F,parent,SO,son,22
2012,BB,7-364 days,under 1 year,7-364 days,male,M,parent,DA,daughter,22
2012,BB,7-364 days,under 1 year,7-364 days,male,M,parent,SO,son,41
2012,BB,7-364 days,under 1 year,7-364 days,male,M,stepparent,SD,stepdaughter,1
2012,BB,7-364 days,under 1 year,7-364 days,male,M,stepparent,SS,stepson,1
2012,NB,0-6 days,under 1 year,0-6 days,female,F,parent,DA,daughter,6
2012,NB,0-6 days,under 1 year,0-6 days,female,F,parent,SO,son,5
2012,NB,0-6 days,under 1 year,0-6 days,male,M,parent,DA,daughter,5
2012,NB,0-6 days,under 1 year,0-6 days,male,M,parent,SO,son,6
2013,01,1 years,1-4 years,1-4 years,female,F,parent,DA,daughter,14
2013,01,1 years,1-4 years,1-4 years,female,F,parent,SO,son,15
2013,01,1 years,1-4 years,1-4 years,male,M,parent,DA,daughter,10
2013,01,1 years,1-4 years,1-4 years,male,M,parent,SO,son,16
2013,01,1 years,1-4 years,1-4 years,male,M,stepparent,SD,stepdaughter,2
2013,01,1 years,1-4 years,1-4 years,male,M,stepparent,SS,stepson,5
2013,02,2 years,1-4 years,1-4 years,female,F,parent,DA,daughter,8
2013,02,2 years,1-4 years,1-4 years,female,F,parent,SO,son,9
2013,02,2 years,1-4 years,1-4 years,male,M,parent,DA,daughter,4
2013,02,2 years,1-4 years,1-4 years,male,M,parent,SO,son,11
2013,02,2 years,1-4 years,1-4 years,male,M,stepparent,SS,stepson,2
2013,03,3 years,1-4 years,1-4 years,female,F,parent,DA,daughter,2
2013,03,3 years,1-4 years,1-4 years,female,F,parent,SO,son,6
2013,03,3 years,1-4 years,1-4 years,female,F,stepparent,SD,stepdaughter,1
2013,03,3 years,1-4 years,1-4 years,male,M,parent,DA,daughter,5
2013,03,3 years,1-4 years,1-4 years,male,M,parent,SO,son,11
2013,03,3 years,1-4 years,1-4 years,male,M,stepparent,SS,stepson,1
2013,04,4 years,1-4 years,1-4 years,female,F,parent,DA,daughter,6
2013,04,4 years,1-4 years,1-4 years,female,F,parent,SO,son,5
2013,04,4 years,1-4 years,1-4 years,male,M,parent,DA,daughter,1
2013,04,4 years,1-4 years,1-4 years,male,M,parent,SO,son,5
2013,05,5 years,5-9 years,5-9 years,female,F,parent,DA,daughter,1
2013,05,5 years,5-9 years,5-9 years,female,F,parent,SO,son,3
2013,05,5 years,5-9 years,5-9 years,male,M,parent,DA,daughter,2
2013,05,5 years,5-9 years,5-9 years,male,M,parent,SO,son,2
2013,06,6 years,5-9 years,5-9 years,female,F,parent,DA,daughter,4
2013,06,6 years,5-9 years,5-9 years,female,F,parent,SO,son,1
2013,06,6 years,5-9 years,5-9 years,male,M,parent,DA,daughter,4
2013,06,6 years,5-9 years,5-9 years,male,M,parent,SO,son,2
2013,06,6 years,5-9 years,5-9 years,male,M,stepparent,SS,stepson,2
2013,07,7 years,5-9 years,5-9 years,female,F,parent,DA,daughter,2
2013,07,7 years,5-9 years,5-9 years,male,M,parent,DA,daughter,2
2013,08,8 years,5-9 years,5-9 years,male,M,parent,DA,daughter,2
2013,09,9 years,5-9 years,5-9 years,female,F,parent,SO,son,2
2013,09,9 years,5-9 years,5-9 years,male,M,parent,SO,son,2
2013,10,10 years,10-14 years,10-14 years,female,F,parent,DA,daughter,1
2013,10,10 years,10-14 years,10-14 years,female,F,parent,SO,son,1
2013,10,10 years,10-14 years,10-14 years,female,F,stepparent,SD,stepdaughter,1
2013,10,10 years,10-14 years,10-14 years,male,M,parent,DA,daughter,3
2013,10,10 years,10-14 years,10-14 years,male,M,parent,SO,son,2
2013,11,11 years,10-14 years,10-14 years,female,F,stepparent,SS,stepson,1
2013,11,11 years,10-14 years,10-14 years,male,M,parent,SO,son,1
2013,12,12 years,10-14 years,10-14 years,male,M,parent,DA,daughter,1
2013,12,12 years,10-14 years,10-14 years,male,M,parent,SO,son,2
2013,13,13 years,10-14 years,10-14 years,female,F,parent,DA,daughter,1
2013,13,13 years,10-14 years,10-14 years,female,F,parent,SO,son,1
2013,13,13 years,10-14 years,10-14 years,male,M,parent,SO,son,2
2013,14,14 years,10-14 years,10-14 years,female,F,parent,SO,son,1
2013,14,14 years,10-14 years,10-14 years,male,M,parent,DA,daughter,1
2013,14,14 years,10-14 years,10-14 years,male,M,parent,SO,son,2
2013,14,14 years,10-14 years,10-14 years,male,M,stepparent,SS,stepson,1
2013,15,15 years,15-17 years,15-17 years,female,F,parent,DA,daughter,1
2013,15,15 years,15-17 years,15-17 years,female,F,parent,SO,son,1
2013,15,15 years,15-17 years,15-17 years,male,M,parent,DA,daughter,1
2013,16,16 years,15-17 years,15-17 years,male,M,parent,SO,son,1
2013,16,16 years,15-17 years,15-17 years,male,M,stepparent,SD,stepdaughter,1
2013,17,17 years,15-17 years,15-17 years,male,M,parent,SO,son,2
2013,BB,7-364 days,under 1 year,7-364 days,female,F,parent,DA,daughter,13
2013,BB,7-364 days,under 1 year,7-364 days,female,F,parent,SO,son,23
2013,BB,7-364 days,under 1 year,7-364 days,male,M,parent,DA,daughter,19
2013,BB,7-364 days,under 1 year,7-364 days,male,M,parent,SO,son,39
2013,BB,7-364 days,under 1 year,7-364 days,male,M,stepparent,SS,stepson,1
2013,NB,0-6 days,under 1 year,0-6 days,female,F,parent,DA,daughter,10
2013,NB,0-6 days,under 1 year,0-6 days,female,F,parent,SO,son,3
2013,NB,0-6 days,under 1 year,0-6 days,male,M,parent,DA,daughter,4
2013,NB,0-6 days,under 1 year,0-6 days,male,M,parent,SO,son,2
2014,01,1 years,1-4 years,1-4 years,female,F,parent,DA,daughter,18
2014,01,1 years,1-4 years,1-4 years,female,F,parent,SO,son,19
2014,01,1 years,1-4 years,1-4 years,male,M,parent,DA,daughter,12
2014,01,1 years,1-4 years,1-4 years,male,M,parent,SO,son,10
2014,01,1 years,1-4 years,1-4 years,male,M,stepparent,SD,stepdaughter,2
2014,02,2 years,1-4 years,1-4 years,female,F,parent,DA,daughter,10
2014,02,2 years,1-4 years,1-4 years,female,F,parent,SO,son,8
2014,02,2 years,1-4 years,1-4 years,female,F,stepparent,SS,stepson,1
2014,02,2 years,1-4 years,1-4 years,male,M,parent,DA,daughter,7
2014,02,2 years,1-4 years,1-4 years,male,M,parent,SO,son,11
2014,02,2 years,1-4 years,1-4 years,male,M,stepparent,SD,stepdaughter,1
2014,02,2 years,1-4 years,1-4 years,male,M,stepparent,SS,stepson,4
2014,03,3 years,1-4 years,1-4 years,female,F,parent,DA,daughter,9
2014,03,3 years,1-4 years,1-4 years,female,F,parent,SO,son,9
2014,03,3 years,1-4 years,1-4 years,female,F,stepparent,SS,stepson,1
2014,03,3 years,1-4 years,1-4 years,male,M,parent,DA,daughter,5
2014,03,3 years,1-4 years,1-4 years,male,M,parent,SO,son,7
2014,03,3 years,1-4 years,1-4 years,male,M,stepparent,SD,stepdaughter,2
2014,03,3 years,1-4 years,1-4 years,male,M,stepparent,SS,stepson,1
2014,04,4 years,1-4 years,1-4 years,female,F,parent,DA,daughter,4
2014,04,4 years,1-4 years,1-4 years,female,F,parent,SO,son,1
2014,04,4 years,1-4 years,1-4 years,female,F,stepparent,SD,stepdaughter,1
2014,04,4 years,1-4 years,1-4 years,male,M,parent,SO,son,1
2014,04,4 years,1-4 years,1-4 years,male,M,stepparent,SS,stepson,1
2014,05,5 years,5-9 years,5-9 years,female,F,parent,DA,daughter,5
2014,05,5 years,5-9 years,5-9 years,female,F,parent,SO,son,3
2014,05,5 years,5-9 years,5-9 years,male,M,parent,DA,daughter,2
2014,05,5 years,5-9 years,5-9 years,male,M,parent,SO,son,2
2014,05,5 years,5-9 years,5-9 years,male,M,stepparent,SD,stepdaughter,1
2014,05,5 years,5-9 years,5-9 years,male,M,stepparent,SS,stepson,1
2014,06,6 years,5-9 years,5-9 years,female,F,parent,DA,daughter,2
2014,06,6 years,5-9 years,5-9 years,female,F,parent,SO,son,5
2014,06,6 years,5-9 years,5-9 years,male,M,parent,DA,daughter,2
2014,06,6 years,5-9 years,5-9 years,male,M,parent,SO,son,3
2014,06,6 years,5-9 years,5-9 years,male,M,stepparent,SS,stepson,1
2014,07,7 years,5-9 years,5-9 years,female,F,parent,SO,son,1
2014,07,7 years,5-9 years,5-9 years,male,M,parent,DA,daughter,3
2014,07,7 years,5-9 years,5-9 years,male,M,stepparent,SS,stepson,1
2014,08,8 years,5-9 years,5-9 years,female,F,parent,DA,daughter,2
2014,08,8 years,5-9 years,5-9 years,female,F,parent,SO,son,2
2014,08,8 years,5-9 years,5-9 years,male,M,parent,DA,daughter,1
2014,08,8 years,5-9 years,5-9 years,male,M,parent,SO,son,2
2014,09,9 years,5-9 years,5-9 years,female,F,parent,SO,son,2
2014,09,9 years,5-9 years,5-9 years,male,M,parent,DA,daughter,2
2014,09,9 years,5-9 years,5-9 years,male,M,parent,SO,son,1
2014,10,10 years,10-14 years,10-14 years,female,F,parent,SO,son,6
2014,10,10 years,10-14 years,10-14 years,male,M,parent,SO,son,1
2014,10,10 years,10-14 years,10-14 years,male,M,stepparent,SS,stepson,1
2014,11,11 years,10-14 years,10-14 years,female,F,parent,SO,son,1
2014,11,11 years,10-14 years,10-14 years,female,F,stepparent,SS,stepson,1
2014,11,11 years,10-14 years,10-14 years,male,M,parent,DA,daughter,3
2014,11,11 years,10-14 years,10-14 years,male,M,parent,SO,son,2
2014,12,12 years,10-14 years,10-14 years,female,F,parent,DA,daughter,1
2014,12,12 years,10-14 years,10-14 years,male,M,parent,DA,daughter,1
2014,13,13 years,10-14 years,10-14 years,female,F,parent,DA,daughter,1
2014,13,13 years,10-14 years,10-14 years,female,F,parent,SO,son,1
2014,13,13 years,10-14 years,10-14 years,male,M,parent,DA,daughter,1
2014,14,14 years,10-14 years,10-14 years,male,M,parent,SO,son,1
2014,15,15 years,15-17 years,15-17 years,male,M,parent,SO,son,1
2014,17,17 years,15-17 years,15-17 years,male,M,parent,DA,daughter,1
2014,17,17 years,15-17 years,15-17 years,male,M,parent,SO,son,1
2014,17,17 years,15-17 years,15-17 years,male,M,stepparent,SD,stepdaughter,1
2014,BB,7-364 days,under 1 year,7-364 days,female,F,parent,DA,daughter,17
2014,BB,7-364 days,under 1 year,7-364 days,female,F,parent,SO,son,18
2014,BB,7-364 days,under 1 year,7-364 days,male,M,parent,DA,daughter,34
2014,BB,7-364 days,under 1 year,7-364 days,male,M,parent,SO,son,43
2014,BB,7-364 days,under 1 year,7-364 days,male,M,stepparent,SD,stepdaughter,1
2014,BB,7-364 days,under 1 year,7-364 days,male,M,stepparent,SS,stepson,3
2014,NB,0-6 days,under 1 year,0-6 days,female,F,parent,DA,daughter,9
2014,NB,0-6 days,under 1 year,0-6 days,female,F,parent,SO,son,11
2014,NB,0-6 days,under 1 year,0-6 days,male,M,parent,DA,daughter,4
2014,NB,0-6 days,under 1 year,0-6 days,male,M,parent,SO,son,6
2015,01,1 years,1-4 years,1-4 years,female,F,parent,DA,daughter,12
2015,01,1 years,1-4 years,1-4 years,female,F,parent,SO,son,9
2015,01,1 years,1-4 years,1-4 years,female,F,stepparent,SS,stepson,1
2015,01,1 years,1-4 years,1-4 years,male,M,parent,DA,daughter,9
2015,01,1 years,1-4 years,1-4 years,male,M,parent,SO,son,12
2015,01,1 years,1-4 years,1-4 years,male,M,stepparent,SD,stepdaughter,2
2015,01,1 years,1-4 years,1-4 years,male,M,stepparent,SS,stepson,3
2015,02,2 years,1-4 years,1-4 years,female,F,parent,DA,daughter,8
2015,02,2 years,1-4 years,1-4 years,female,F,parent,SO,son,10
2015,02,2 years,1-4 years,1-4 years,female,F,stepparent,SD,stepdaughter,1
2015,02,2 years,1-4 years,1-4 years,female,F,stepparent,SS,stepson,1
2015,02,2 years,1-4 years,1-4 years,male,M,parent,DA,daughter,8
2015,02,2 years,1-4 years,1-4 years,male,M,parent,SO,son,10
2015,02,2 years,1-4 years,1-4 years,male,M,stepparent,SD,stepdaughter,1
2015,02,2 years,1-4 years,1-4 years,male,M,stepparent,SS,stepson,3
2015,02,2 years,1-4 years,1-4 years,unknown/not specified,U,parent,SO,son,1
2015,03,3 years,1-4 years,1-4 years,female,F,parent,DA,daughter,4
2015,03,3 years,1-4 years,1-4 years,female,F,parent,SO,son,3
2015,03,3 years,1-4 years,1-4 years,male,M,parent,DA,daughter,5
2015,03,3 years,1-4 years,1-4 years,male,M,parent,SO,son,5
2015,03,3 years,1-4 years,1-4 years,male,M,stepparent,SS,stepson,1
2015,04,4 years,1-4 years,1-4 years,female,F,parent,DA,daughter,1
2015,04,4 years,1-4 years,1-4 years,female,F,parent,SO,son,3
2015,04,4 years,1-4 years,1-4 years,male,M,parent,DA,daughter,2
2015,04,4 years,1-4 years,1-4 years,male,M,parent,SO,son,1
2015,04,4 years,1-4 years,1-4 years,male,M,stepparent,SD,stepdaughter,1
2015,04,4 years,1-4 years,1-4 years,male,M,stepparent,SS,stepson,2
2015,05,5 years,5-9 years,5-9 years,female,F,parent,DA,daughter,2
2015,05,5 years,5-9 years,5-9 years,female,F,parent,SO,son,6
2015,05,5 years,5-9 years,5-9 years,female,F,stepparent,SD,stepdaughter,1
2015,05,5 years,5-9 years,5-9 years,male,M,parent,DA,daughter,2
2015,05,5 years,5-9 years,5-9 years,male,M,parent,SO,son,3
2015,05,5 years,5-9 years,5-9 years,male,M,stepparent,SD,stepdaughter,1
2015,06,6 years,5-9 years,5-9 years,female,F,parent,DA,daughter,1
2015,06,6 years,5-9 years,5-9 years,female,F,parent,SO,son,2
2015,06,6 years,5-9 years,5-9 years,male,M,parent,DA,daughter,2
2015,06,6 years,5-9 years,5-9 years,male,M,parent,SO,son,2
2015,07,7 years,5-9 years,5-9 years,female,F,parent,SO,son,2
2015,07,7 years,5-9 years,5-9 years,male,M,parent,DA,daughter,1
2015,07,7 years,5-9 years,5-9 years,male,M,parent,SO,son,2
2015,08,8 years,5-9 years,5-9 years,female,F,parent,DA,daughter,1
2015,08,8 years,5-9 years,5-9 years,female,F,parent,SO,son,1
2015,08,8 years,5-9 years,5-9 years,male,M,parent,DA,daughter,1
2015,08,8 years,5-9 years,5-9 years,male,M,parent,SO,son,1
2015,08,8 years,5-9 years,5-9 years,male,M,stepparent,SS,stepson,1
2015,09,9 years,5-9 years,5-9 years,female,F,parent,DA,daughter,1
2015,09,9 years,5-9 years,5-9 years,female,F,parent,SO,son,1
2015,09,9 years,5-9 years,5-9 years,male,M,parent,DA,daughter,1
2015,10,10 years,10-14 years,10-14 years,female,F,parent,SO,son,1
2015,10,10 years,10-14 years,10-14 years,male,M,parent,SO,son,3
2015,11,11 years,10-14 years,10-14 years,female,F,parent,SO,son,2
2015,11,11 years,10-14 years,10-14 years,male,M,parent,DA,daughter,1
2015,11,11 years,10-14 years,10-14 years,male,M,parent,SO,son,3
2015,11,11 years,10-14 years,10-14 years,unknown/not specified,U,parent,SO,son,1
2015,12,12 years,10-14 years,10-14 years,female,F,parent,SO,son,2
2015,12,12 years,10-14 years,10-14 years,male,M,parent,SO,son,1
2015,13,13 years,10-14 years,10-14 years,female,F,parent,DA,daughter,1
2015,14,14 years,10-14 years,10-14 years,female,F,parent,SO,son,1
2015,14,14 years,10-14 years,10-14 years,male,M,parent,DA,daughter,2
2015,15,15 years,15-17 years,15-17 years,female,F,parent,DA,daughter,2
2015,15,15 years,15-17 years,15-17 years,female,F,parent,SO,son,1
2015,16,16 years,15-17 years,15-17 years,female,F,parent,DA,daughter,1
2015,16,16 years,15-17 years,15-17 years,male,M,parent,DA,daughter,1
2015,16,16 years,15-17 years,15-17 years,male,M,parent,SO,son,2
2015,16,16 years,15-17 years,15-17 years,male,M,stepparent,SS,stepson,2
2015,17,17 years,15-17 years,15-17 years,female,F,parent,SO,son,1
2015,17,17 years,15-17 years,15-17 years,male,M,stepparent,SD,stepdaughter,1
2015,BB,7-364 days,under 1 year,7-364 days,female,F,parent,DA,daughter,15
2015,BB,7-364 days,under 1 year,7-364 days,female,F,parent,SO,son,21
2015,BB,7-364 days,under 1 year,7-364 days,male,M,parent,DA,daughter,19
2015,BB,7-364 days,under 1 year,7-364 days,male,M,parent,SO,son,49
2015,BB,7-364 days,under 1 year,7-364 days,male,M,stepparent,SS,stepson,3
2015,NB,0-6 days,under 1 year,0-6 days,female,F,parent,DA,daughter,10
2015,NB,0-6 days,under 1 year,0-6 days,female,F,parent,SO,son,12
2015,NB,0-6 days,under 1 year,0-6 days,male,M,parent,DA,daughter,3
2015,NB,0-6 days,under 1 year,0-6 days,male,M,parent,SO,son,4
2016,01,1 years,1-4 years,1-4 years,female,F,parent,DA,daughter,7
2016,01,1 years,1-4 years,1-4 years,female,F,parent,SO,son,10
2016,01,1 years,1-4 years,1-4 years,male,M,parent,DA,daughter,6
2016,01,1 years,1-4 years,1-4 years,male,M,parent,SO,son,9
2016,01,1 years,1-4 years,1-4 years,male,M,stepparent,SS,stepson,1
2016,01,1 years,1-4 years,1-4 years,unknown/not specified,U,parent,SO,son,1
2016,02,2 years,1-4 years,1-4 years,female,F,parent,DA,daughter,5
2016,02,2 years,1-4 years,1-4 years,female,F,parent,SO,son,7
2016,02,2 years,1-4 years,1-4 years,male,M,parent,DA,daughter,11
2016,02,2 years,1-4 years,1-4 years,male,M,parent,SO,son,5
2016,02,2 years,1-4 years,1-4 years,male,M,stepparent,SD,stepdaughter,1
2016,02,2 years,1-4 years,1-4 years,male,M,stepparent,SS,stepson,3
2016,03,3 years,1-4 years,1-4 years,female,F,parent,DA,daughter,6
2016,03,3 years,1-4 years,1-4 years,female,F,parent,SO,son,3
2016,03,3 years,1-4 years,1-4 years,female,F,stepparent,SS,stepson,1
2016,03,3 years,1-4 years,1-4 years,male,M,parent,DA,daughter,7
2016,03,3 years,1-4 years,1-4 years,male,M,parent,SO,son,7
2016,03,3 years,1-4 years,1-4 years,male,M,stepparent,SS,stepson,2
2016,04,4 years,1-4 years,1-4 years,female,F,parent,DA,daughter,5
2016,04,4 years,1-4 years,1-4 years,female,F,parent,SO,son,5
2016,04,4 years,1-4 years,1-4 years,male,M,parent,DA,daughter,6
2016,04,4 years,1-4 years,1-4 years,male,M,parent,SO,son,7
2016,04,4 years,1-4 years,1-4 years,male,M,stepparent,SS,stepson,1
2016,05,5 years,5-9 years,5-9 years,female,F,parent,DA,daughter,2
2016,05,5 years,5-9 years,5-9 years,female,F,parent,SO,son,4
2016,05,5 years,5-9 years,5-9 years,female,F,stepparent,SS,stepson,1
2016,05,5 years,5-9 years,5-9 years,male,M,parent,DA,daughter,1
2016,05,5 years,5-9 years,5-9 years,male,M,parent,SO,son,3
2016,05,5 years,5-9 years,5-9 years,male,M,stepparent,SD,stepdaughter,1
2016,05,5 years,5-9 years,5-9 years,male,M,stepparent,SS,stepson,1
2016,06,6 years,5-9 years,5-9 years,female,F,parent,SO,son,3
2016,06,6 years,5-9 years,5-9 years,male,M,parent,DA,daughter,1
2016,06,6 years,5-9 years,5-9 years,male,M,parent,SO,son,5
2016,07,7 years,5-9 years,5-9 years,female,F,parent,DA,daughter,1
2016,07,7 years,5-9 years,5-9 years,female,F,parent,SO,son,2
2016,07,7 years,5-9 years,5-9 years,male,M,parent,DA,daughter,3
2016,07,7 years,5-9 years,5-9 years,male,M,parent,SO,son,1
2016,08,8 years,5-9 years,5-9 years,female,F,parent,DA,daughter,2
2016,08,8 years,5-9 years,5-9 years,male,M,parent,DA,daughter,1
2016,08,8 years,5-9 years,5-9 years,male,M,parent,SO,son,2
2016,09,9 years,5-9 years,5-9 years,female,F,parent,DA,daughter,2
2016,09,9 years,5-9 years,5-9 years,male,M,parent,SO,son,1
2016,10,10 years,10-14 years,10-14 years,female,F,parent,SO,son,1
2016,10,10 years,10-14 years,10-14 years,male,M,parent,DA,daughter,2
2016,10,10 years,10-14 years,10-14 years,male,M,parent,SO,son,1
2016,11,11 years,10-14 years,10-14 years,female,F,parent,SO,son,1
2016,11,11 years,10-14 years,10-14 years,male,M,parent,SO,son,1
2016,11,11 years,10-14 years,10-14 years,male,M,stepparent,SS,stepson,1
2016,12,12 years,10-14 years,10-14 years,female,F,parent,DA,daughter,1
2016,12,12 years,10-14 years,10-14 years,female,F,parent,SO,son,1
2016,12,12 years,10-14 years,10-14 years,male,M,parent,SO,son,1
2016,13,13 years,10-14 years,10-14 years,female,F,parent,SO,son,1
2016,13,13 years,10-14 years,10-14 years,male,M,parent,DA,daughter,1
2016,14,14 years,10-14 years,10-14 years,female,F,parent,DA,daughter,1
2016,14,14 years,10-14 years,10-14 years,female,F,stepparent,SS,stepson,1
2016,14,14 years,10-14 years,10-14 years,male,M,parent,DA,daughter,1
2016,14,14 years,10-14 years,10-14 years,male,M,parent,SO,son,1
2016,14,14 years,10-14 years,10-14 years,male,M,stepparent,SD,stepdaughter,1
2016,15,15 years,15-17 years,15-17 years,female,F,parent,DA,daughter,1
2016,15,15 years,15-17 years,15-17 years,male,M,parent,DA,daughter,1
2016,15,15 years,15-17 years,15-17 years,male,M,parent,SO,son,1
2016,16,16 years,15-17 years,15-17 years,female,F,parent,SO,son,2
2016,16,16 years,15-17 years,15-17 years,male,M,parent,DA,daughter,1
2016,16,16 years,15-17 years,15-17 years,male,M,parent,SO,son,1
2016,17,17 years,15-17 years,15-17 years,male,M,stepparent,SD,stepdaughter,1
2016,BB,7-364 days,under 1 year,7-364 days,female,F,parent,DA,daughter,18
2016,BB,7-364 days,under 1 year,7-364 days,female,F,parent,SO,son,24
2016,BB,7-364 days,under 1 year,7-364 days,male,M,parent,DA,daughter,32
2016,BB,7-364 days,under 1 year,7-364 days,male,M,parent,SO,son,46
2016,BB,7-364 days,under 1 year,7-364 days,male,M,stepparent,SD,stepdaughter,1
2016,BB,7-364 days,under 1 year,7-364 days,male,M,stepparent,SS,stepson,2
2016,NB,0-6 days,under 1 year,0-6 days,female,F,parent,DA,daughter,8
2016,NB,0-6 days,under 1 year,0-6 days,female,F,parent,SO,son,6
2016,NB,0-6 days,under 1 year,0-6 days,male,M,parent,DA,daughter,3
2017,01,1 years,1-4 years,1-4 years,female,F,parent,DA,daughter,16
2017,01,1 years,1-4 years,1-4 years,female,F,parent,SO,son,11
2017,01,1 years,1-4 years,1-4 years,male,M,parent,DA,daughter,11
2017,01,1 years,1-4 years,1-4 years,male,M,parent,SO,son,18
2017,01,1 years,1-4 years,1-4 years,male,M,stepparent,SD,stepdaughter,2
2017,01,1 years,1-4 years,1-4 years,male,M,stepparent,SS,stepson,3
2017,02,2 years,1-4 years,1-4 years,female,F,parent,DA,daughter,4
2017,02,2 years,1-4 years,1-4 years,female,F,parent,SO,son,6
2017,02,2 years,1-4 years,1-4 years,female,F,stepparent,SS,stepson,1
2017,02,2 years,1-4 years,1-4 years,male,M,parent,DA,daughter,6
2017,02,2 years,1-4 years,1-4 years,male,M,parent,SO,son,7
2017,02,2 years,1-4 years,1-4 years,male,M,stepparent,SD,stepdaughter,1
2017,02,2 years,1-4 years,1-4 years,male,M,stepparent,SS,stepson,1
2017,02,2 years,1-4 years,1-4 years,unknown/not specified,U,parent,DA,daughter,1
2017,03,3 years,1-4 years,1-4 years,female,F,parent,DA,daughter,1
2017,03,3 years,1-4 years,1-4 years,female,F,parent,SO,son,9
2017,03,3 years,1-4 years,1-4 years,male,M,parent,DA,daughter,4
2017,03,3 years,1-4 years,1-4 years,male,M,parent,SO,son,6
2017,04,4 years,1-4 years,1-4 years,female,F,parent,DA,daughter,5
2017,04,4 years,1-4 years,1-4 years,female,F,parent,SO,son,3
2017,04,4 years,1-4 years,1-4 years,male,M,parent,DA,daughter,2
2017,04,4 years,1-4 years,1-4 years,male,M,parent,SO,son,3
2017,04,4 years,1-4 years,1-4 years,male,M,stepparent,SS,stepson,1
2017,05,5 years,5-9 years,5-9 years,female,F,parent,DA,daughter,3
2017,05,5 years,5-9 years,5-9 years,female,F,parent,SO,son,2
2017,05,5 years,5-9 years,5-9 years,male,M,parent,DA,daughter,2
2017,05,5 years,5-9 years,5-9 years,male,M,parent,SO,son,3
2017,06,6 years,5-9 years,5-9 years,female,F,parent,DA,daughter,2
2017,06,6 years,5-9 years,5-9 years,female,F,parent,SO,son,3
2017,06,6 years,5-9 years,5-9 years,male,M,parent,SO,son,3
2017,07,7 years,5-9 years,5-9 years,female,F,parent,DA,daughter,1
2017,07,7 years,5-9 years,5-9 years,female,F,stepparent,SD,stepdaughter,1
2017,07,7 years,5-9 years,5-9 years,male,M,parent,DA,daughter,3
2017,07,7 years,5-9 years,5-9 years,male,M,parent,SO,son,4
2017,08,8 years,5-9 years,5-9 years,female,F,parent,SO,son,1
2017,08,8 years,5-9 years,5-9 years,male,M,parent,SO,son,3
2017,09,9 years,5-9 years,5-9 years,female,F,parent,DA,daughter,2
2017,09,9 years,5-9 years,5-9 years,female,F,parent,SO,son,2
2017,09,9 years,5-9 years,5-9 years,male,M,parent,DA,daughter,1
2017,09,9 years,5-9 years,5-9 years,unknown/not specified,U,parent,SO,son,1
2017,10,10 years,10-14 years,10-14 years,female,F,parent,DA,daughter,4
2017,10,10 years,10-14 years,10-14 years,female,F,parent,SO,son,2
2017,10,10 years,10-14 years,10-14 years,male,M,parent,DA,daughter,1
2017,10,10 years,10-14 years,10-14 years,male,M,parent,SO,son,2
2017,10,10 years,10-14 years,10-14 years,male,M,stepparent,SS,stepson,1
2017,11,11 years,10-14 years,10-14 years,female,F,parent,SO,son,1
2017,11,11 years,10-14 years,10-14 years,male,M,parent,DA,daughter,1
2017,11,11 years,10-14 years,10-14 years,male,M,parent,SO,son,1
2017,12,12 years,10-14 years,10-14 years,female,F,parent,SO,son,1
2017,12,12 years,10-14 years,10-14 years,male,M,parent,DA,daughter,2
2017,13,13 years,10-14 years,10-14 years,female,F,parent,DA,daughter,1
2017,13,13 years,10-14 years,10-14 years,female,F,parent,SO,son,1
2017,13,13 years,10-14 years,10-14 years,male,M,parent,SO,son,3
2017,13,13 years,10-14 years,10-14 years,male,M,stepparent,SD,stepdaughter,1
2017,14,14 years,10-14 years,10-14 years,female,F,parent,DA,daughter,1
2017,14,14 years,10-14 years,10-14 years,female,F,parent,SO,son,1
2017,14,14 years,10-14 years,10-14 years,male,M,parent,DA,daughter,1
2017,14,14 years,10-14 years,10-14 years,male,M,parent,SO,son,1
2017,15,15 years,15-17 years,15-17 years,male,M,stepparent,SD,stepdaughter,1
2017,16,16 years,15-17 years,15-17 years,female,F,parent,DA,daughter,1
2017,16,16 years,15-17 years,15-17 years,female,F,parent,SO,son,1
2017,16,16 years,15-17 years,15-17 years,male,M,parent,DA,daughter,2
2017,16,16 years,15-17 years,15-17 years,male,M,parent,SO,son,1
2017,16,16 years,15-17 years,15-17 years,male,M,stepparent,SD,stepdaughter,1
2017,17,17 years,15-17 years,15-17 years,female,F,parent,DA,daughter,1
2017,17,17 years,15-17 years,15-17 years,female,F,parent,SO,son,1
2017,17,17 years,15-17 years,15-17 years,male,M,parent,SO,son,1
2017,BB,7-364 days,under 1 year,7-364 days,female,F,parent,DA,daughter,23
2017,BB,7-364 days,under 1 year,7-364 days,female,F,parent,SO,son,24
2017,BB,7-364 days,under 1 year,7-364 days,female,F,stepparent,SS,stepson,1
2017,BB,7-364 days,under 1 year,7-364 days,male,M,parent,DA,daughter,32
2017,BB,7-364 days,under 1 year,7-364 days,male,M,parent,SO,son,33
2017,BB,7-364 days,under 1 year,7-364 days,male,M,stepparent,SD,stepdaughter,1
2017,NB,0-6 days,under 1 year,0-6 days,female,F,parent,DA,daughter,5
2017,NB,0-6 days,under 1 year,0-6 days,female,F,parent,SO,son,6
2017,NB,0-6 days,under 1 year,0-6 days,male,M,parent,DA,daughter,4
2017,NB,0-6 days,under 1 year,0-6 days,male,M,parent,SO,son,2
2018,01,1 years,1-4 years,1-4 years,female,F,parent,DA,daughter,11
2018,01,1 years,1-4 years,1-4 years,female,F,parent,SO,son,15
2018,01,1 years,1-4 years,1-4 years,female,F,stepparent,SD,stepdaughter,1
2018,01,1 years,1-4 years,1-4 years,male,M,parent,DA,daughter,7
2018,01,1 years,1-4 years,1-4 years,male,M,parent,SO,son,13
2018,01,1 years,1-4 years,1-4 years,male,M,stepparent,SS,stepson,1
2018,02,2 years,1-4 years,1-4 years,female,F,parent,DA,daughter,14
2018,02,2 years,1-4 years,1-4 years,female,F,parent,SO,son,15
2018,02,2 years,1-4 years,1-4 years,male,M,parent,DA,daughter,5
2018,02,2 years,1-4 years,1-4 years,male,M,parent,SO,son,15
2018,02,2 years,1-4 years,1-4 years,male,M,stepparent,SD,stepdaughter,4
2018,02,2 years,1-4 years,1-4 years,male,M,stepparent,SS,stepson,2
2018,03,3 years,1-4 years,1-4 years,female,F,parent,DA,daughter,7
2018,03,3 years,1-4 years,1-4 years,female,F,parent,SO,son,7
2018,03,3 years,1-4 years,1-4 years,male,M,parent,DA,daughter,2
2018,03,3 years,1-4 years,1-4 years,male,M,parent,SO,son,4
2018,03,3 years,1-4 years,1-4 years,male,M,stepparent,SD,stepdaughter,1
2018,03,3 years,1-4 years,1-4 years,male,M,stepparent,SS,stepson,5
2018,04,4 years,1-4 years,1-4 years,female,F,parent,DA,daughter,6
2018,04,4 years,1-4 years,1-4 years,female,F,parent,SO,son,4
2018,04,4 years,1-4 years,1-4 years,female,F,stepparent,SD,stepdaughter,2
2018,04,4 years,1-4 years,1-4 years,female,F,stepparent,SS,stepson,1
2018,04,4 years,1-4 years,1-4 years,male,M,parent,DA,daughter,1
2018,04,4 years,1-4 years,1-4 years,male,M,parent,SO,son,3
2018,04,4 years,1-4 years,1-4 years,male,M,stepparent,SS,stepson,2
2018,05,5 years,5-9 years,5-9 years,female,F,parent,DA,daughter,3
2018,05,5 years,5-9 years,5-9 years,female,F,parent,SO,son,3
2018,05,5 years,5-9 years,5-9 years,male,M,parent,DA,daughter,1
2018,05,5 years,5-9 years,5-9 years,male,M,parent,SO,son,4
2018,05,5 years,5-9 years,5-9 years,male,M,stepparent,SS,stepson,1
2018,06,6 years,5-9 years,5-9 years,male,M,parent,SO,son,2
2018,06,6 years,5-9 years,5-9 years,male,M,stepparent,SS,stepson,1
2018,07,7 years,5-9 years,5-9 years,female,F,parent,DA,daughter,1
2018,07,7 years,5-9 years,5-9 years,female,F,parent,SO,son,3
2018,07,7 years,5-9 years,5-9 years,male,M,parent,DA,daughter,1
2018,08,8 years,5-9 years,5-9 years,female,F,parent,SO,son,4
2018,08,8 years,5-9 years,5-9 years,male,M,parent,DA,daughter,2
2018,08,8 years,5-9 years,5-9 years,male,M,parent,SO,son,1
2018,09,9 years,5-9 years,5-9 years,female,F,parent,SO,son,2
2018,09,9 years,5-9 years,5-9 years,male,M,parent,SO,son,1
2018,10,10 years,10-14 years,10-14 years,female,F,parent,DA,daughter,2
2018,10,10 years,10-14 years,10-14 years,female,F,parent,SO,son,1
2018,10,10 years,10-14 years,10-14 years,male,M,parent,DA,daughter,2
2018,10,10 years,10-14 years,10-14 years,male,M,stepparent,SD,stepdaughter,1
2018,11,11 years,10-14 years,10-14 years,female,F,parent,DA,daughter,1
2018,11,11 years,10-14 years,10-14 years,female,F,parent,SO,son,1
2018,11,11 years,10-14 years,10-14 years,male,M,parent,SO,son,2
2018,11,11 years,10-14 years,10-14 years,male,M,stepparent,SD,stepdaughter,1
2018,12,12 years,10-14 years,10-14 years,female,F,parent,SO,son,1
2018,12,12 years,10-14 years,10-14 years,female,F,stepparent,SD,stepdaughter,2
2018,12,12 years,10-14 years,10-14 years,male,M,parent,DA,daughter,2
2018,13,13 years,10-14 years,10-14 years,female,F,parent,SO,son,1
2018,13,13 years,10-14 years,10-14 years,male,M,parent,SO,son,4
2018,13,13 years,10-14 years,10-14 years,male,M,stepparent,SS,stepson,1
2018,14,14 years,10-14 years,10-14 years,female,F,parent,DA,daughter,2
2018,14,14 years,10-14 years,10-14 years,female,F,parent,SO,son,1
2018,14,14 years,10-14 years,10-14 years,male,M,parent,DA,daughter,1
2018,14,14 years,10-14 years,10-14 years,male,M,parent,SO,son,2
2018,14,14 years,10-14 years,10-14 years,male,M,stepparent,SS,stepson,1
2018,15,15 years,15-17 years,15-17 years,male,M,parent,DA,daughter,1
2018,15,15 years,15-17 years,15-17 years,male,M,parent,SO,son,3
2018,15,15 years,15-17 years,15-17 years,male,M,stepparent,SD,stepdaughter,1
2018,16,16 years,15-17 years,15-17 years,female,F,parent,DA,daughter,1
2018,17,17 years,15-17 years,15-17 years,female,F,parent,DA,daughter,2
2018,17,17 years,15-17 years,15-17 years,male,M,stepparent,SS,stepson,1
2018,BB,7-364 days,under 1 year,7-364 days,female,F,parent,DA,daughter,16
2018,BB,7-364 days,under 1 year,7-364 days,female,F,parent,SO,son,17
2018,BB,7-364 days,under 1 year,7-364 days,male,M,parent,DA,daughter,29
2018,BB,7-364 days,under 1 year,7-364 days,male,M,parent,SO,son,39
2018,NB,0-6 days,under 1 year,0-6 days,female,F,parent,DA,daughter,7
2018,NB,0-6 days,under 1 year,0-6 days,female,F,parent,SO,son,2
2018,NB,0-6 days,under 1 year,0-6 days,male,M,parent,DA,daughter,3
2018,NB,0-6 days,under 1 year,0-6 days,male,M,parent,SO,son,1
2019,01,1 years,1-4 years,1-4 years,female,F,parent,DA,daughter,16
2019,01,1 years,1-4 years,1-4 years,female,F,parent,SO,son,22
2019,01,1 years,1-4 years,1-4 years,male,M,parent,DA,daughter,9
2019,01,1 years,1-4 years,1-4 years,male,M,parent,SO,son,20
2019,01,1 years,1-4 years,1-4 years,male,M,stepparent,SD,stepdaughter,2
2019,01,1 years,1-4 years,1-4 years,male,M,stepparent,SS,stepson,2
2019,02,2 years,1-4 years,1-4 years,female,F,parent,DA,daughter,10
2019,02,2 years,1-4 years,1-4 years,female,F,parent,SO,son,16
2019,02,2 years,1-4 years,1-4 years,female,F,stepparent,SD,stepdaughter,3
2019,02,2 years,1-4 years,1-4 years,male,M,parent,DA,daughter,4
2019,02,2 years,1-4 years,1-4 years,male,M,parent,SO,son,5
2019,02,2 years,1-4 years,1-4 years,male,M,stepparent,SD,stepdaughter,2
2019,02,2 years,1-4 years,1-4 years,male,M,stepparent,SS,stepson,5
2019,03,3 years,1-4 years,1-4 years,female,F,parent,DA,daughter,4
2019,03,3 years,1-4 years,1-4 years,female,F,parent,SO,son,3
2019,03,3 years,1-4 years,1-4 years,male,M,parent,DA,daughter,3
2019,03,3 years,1-4 years,1-4 years,male,M,parent,SO,son,4
2019,03,3 years,1-4 years,1-4 years,male,M,stepparent,SS,stepson,2
2019,04,4 years,1-4 years,1-4 years,female,F,parent,DA,daughter,4
2019,04,4 years,1-4 years,1-4 years,female,F,parent,SO,son,2
2019,04,4 years,1-4 years,1-4 years,male,M,parent,DA,daughter,2
2019,04,4 years,1-4 years,1-4 years,male,M,parent,SO,son,2
2019,04,4 years,1-4 years,1-4 years,male,M,stepparent,SS,stepson,1
2019,05,5 years,5-9 years,5-9 years,female,F,parent,DA,daughter,6
2019,05,5 years,5-9 years,5-9 years,female,F,parent,SO,son,5
2019,05,5 years,5-9 years,5-9 years,female,F,stepparent,SD,stepdaughter,1
2019,05,5 years,5-9 years,5-9 years,male,M,parent,DA,daughter,3
2019,05,5 years,5-9 years,5-9 years,male,M,parent,SO,son,4
2019,05,5 years,5-9 years,5-9 years,male,M,stepparent,SD,stepdaughter,2
2019,06,6 years,5-9 years,5-9 years,female,F,parent,DA,daughter,1
2019,06,6 years,5-9 years,5-9 years,female,F,parent,SO,son,5
2019,06,6 years,5-9 years,5-9 years,male,M,parent,DA,daughter,1
2019,06,6 years,5-9 years,5-9 years,male,M,parent,SO,son,4
2019,07,7 years,5-9 years,5-9 years,female,F,parent,SO,son,4
2019,07,7 years,5-9 years,5-9 years,male,M,parent,DA,daughter,2
2019,07,7 years,5-9 years,5-9 years,male,M,parent,SO,son,4
2019,07,7 years,5-9 years,5-9 years,male,M,stepparent,SS,stepson,2
2019,08,8 years,5-9 years,5-9 years,female,F,parent,DA,daughter,1
2019,08,8 years,5-9 years,5-9 years,female,F,parent,SO,son,3
2019,08,8 years,5-9 years,5-9 years,female,F,stepparent,SD,stepdaughter,1
2019,08,8 years,5-9 years,5-9 years,male,M,parent,DA,daughter,1
2019,08,8 years,5-9 years,5-9 years,male,M,parent,SO,son,5
2019,09,9 years,5-9 years,5-9 years,female,F,parent,DA,daughter,4
2019,09,9 years,5-9 years,5-9 years,male,M,parent,DA,daughter,2
2019,09,9 years,5-9 years,5-9 years,male,M,stepparent,SD,stepdaughter,1
2019,10,10 years,10-14 years,10-14 years,female,F,parent,DA,daughter,2
2019,10,10 years,10-14 years,10-14 years,female,F,parent,SO,son,1
2019,10,10 years,10-14 years,10-14 years,female,F,stepparent,SD,stepdaughter,1
2019,10,10 years,10-14 years,10-14 years,male,M,parent,DA,daughter,1
2019,10,10 years,10-14 years,10-14 years,male,M,parent,SO,son,2
2019,11,11 years,10-14 years,10-14 years,female,F,parent,SO,son,2
2019,11,11 years,10-14 years,10-14 years,male,M,parent,DA,daughter,1
2019,11,11 years,10-14 years,10-14 years,male,M,parent,SO,son,1
2019,12,12 years,10-14 years,10-14 years,female,F,parent,SO,son,1
2019,12,12 years,10-14 years,10-14 years,female,F,stepparent,SS,stepson,1
2019,12,12 years,10-14 years,10-14 years,male,M,parent,DA,daughter,1
2019,12,12 years,10-14 years,10-14 years,male,M,parent,SO,son,2
2019,13,13 years,10-14 years,10-14 years,male,M,parent,DA,daughter,2
2019,14,14 years,10-14 years,10-14 years,male,M,parent,DA,daughter,1
2019,15,15 years,15-17 years,15-17 years,female,F,parent,SO,son,1
2019,15,15 years,15-17 years,15-17 years,male,M,parent,DA,daughter,1
2019,17,17 years,15-17 years,15-17 years,female,F,parent,SO,son,1
2019,17,17 years,15-17 years,15-17 years,male,M,parent,DA,daughter,2
2019,17,17 years,15-17 years,15-17 years,unknown/not specified,U,parent,SO,son,1
2019,BB,7-364 days,under 1 year,7-364 days,female,F,parent,DA,daughter,15
2019,BB,7-364 days,under 1 year,7-364 days,female,F,parent,SO,son,26
2019,BB,7-364 days,under 1 year,7-364 days,male,M,parent,DA,daughter,32
2019,BB,7-364 days,under 1 year,7-364 days,male,M,parent,SO,son,34
2019,BB,7-364 days,under 1 year,7-364 days,male,M,stepparent,SS,stepson,5
2019,NB,0-6 days,under 1 year,0-6 days,female,F,parent,DA,daughter,4
2019,NB,0-6 days,under 1 year,0-6 days,female,F,parent,SO,son,3
2019,NB,0-6 days,under 1 year,0-6 days,male,M,parent,DA,daughter,1
2019,NB,0-6 days,under 1 year,0-6 days,male,M,parent,SO,son,3
2020,01,1 years,1-4 years,1-4 years,female,F,parent,DA,daughter,12
2020,01,1 years,1-4 years,1-4 years,female,F,parent,SO,son,26
2020,01,1 years,1-4 years,1-4 years,male,M,parent,DA,daughter,10
2020,01,1 years,1-4 years,1-4 years,male,M,parent,SO,son,7
2020,01,1 years,1-4 years,1-4 years,male,M,stepparent,SD,stepdaughter,1
2020,01,1 years,1-4 years,1-4 years,male,M,stepparent,SS,stepson,3
2020,02,2 years,1-4 years,1-4 years,female,F,parent,DA,daughter,9
2020,02,2 years,1-4 years,1-4 years,female,F,parent,SO,son,17
2020,02,2 years,1-4 years,1-4 years,male,M,parent,DA,daughter,6
2020,02,2 years,1-4 years,1-4 years,male,M,parent,SO,son,12
2020,02,2 years,1-4 years,1-4 years,male,M,stepparent,SS,stepson,2
2020,03,3 years,1-4 years,1-4 years,female,F,parent,DA,daughter,3
2020,03,3 years,1-4 years,1-4 years,female,F,parent,SO,son,7
2020,03,3 years,1-4 years,1-4 years,female,F,stepparent,SD,stepdaughter,1
2020,03,3 years,1-4 years,1-4 years,male,M,parent,DA,daughter,1
2020,03,3 years,1-4 years,1-4 years,male,M,parent,SO,son,6
2020,03,3 years,1-4 years,1-4 years,male,M,stepparent,SS,stepson,1
2020,04,4 years,1-4 years,1-4 years,female,F,parent,DA,daughter,8
2020,04,4 years,1-4 years,1-4 years,female,F,parent,SO,son,2
2020,04,4 years,1-4 years,1-4 years,female,F,stepparent,SS,stepson,1
2020,04,4 years,1-4 years,1-4 years,male,M,parent,DA,daughter,3
2020,04,4 years,1-4 years,1-4 years,male,M,parent,SO,son,6
2020,04,4 years,1-4 years,1-4 years,male,M,stepparent,SS,stepson,1
2020,05,5 years,5-9 years,5-9 years,female,F,parent,DA,daughter,5
2020,05,5 years,5-9 years,5-9 years,female,F,parent,SO,son,4
2020,05,5 years,5-9 years,5-9 years,male,M,parent,DA,daughter,5
2020,06,6 years,5-9 years,5-9 years,female,F,parent,DA,daughter,2
2020,06,6 years,5-9 years,5-9 years,female,F,parent,SO,son,2
2020,06,6 years,5-9 years,5-9 years,female,F,stepparent,SD,stepdaughter,1
2020,06,6 years,5-9 years,5-9 years,male,M,parent,DA,daughter,1
2020,06,6 years,5-9 years,5-9 years,male,M,parent,SO,son,3
2020,07,7 years,5-9 years,5-9 years,female,F,parent,DA,daughter,2
2020,07,7 years,5-9 years,5-9 years,female,F,parent,SO,son,3
2020,07,7 years,5-9 years,5-9 years,male,M,parent,DA,daughter,2
2020,07,7 years,5-9 years,5-9 years,male,M,parent,SO,son,1
2020,07,7 years,5-9 years,5-9 years,male,M,stepparent,SS,stepson,1
2020,08,8 years,5-9 years,5-9 years,female,F,parent,DA,daughter,5
2020,08,8 years,5-9 years,5-9 years,female,F,stepparent,SD,stepdaughter,1
2020,08,8 years,5-9 years,5-9 years,male,M,parent,DA,daughter,3
2020,08,8 years,5-9 years,5-9 years,male,M,parent,SO,son,1
2020,08,8 years,5-9 years,5-9 years,male,M,stepparent,SD,stepdaughter,2
2020,09,9 years,5-9 years,5-9 years,female,F,parent,DA,daughter,2
2020,09,9 years,5-9 years,5-9 years,female,F,parent,SO,son,1
2020,09,9 years,5-9 years,5-9 years,female,F,stepparent,SS,stepson,1
2020,09,9 years,5-9 years,5-9 years,male,M,parent,DA,daughter,1
2020,09,9 years,5-9 years,5-9 years,male,M,parent,SO,son,1
2020,10,10 years,10-14 years,10-14 years,female,F,parent,DA,daughter,1
2020,10,10 years,10-14 years,10-14 years,female,F,parent,SO,son,2
2020,10,10 years,10-14 years,10-14 years,male,M,parent,DA,daughter,2
2020,10,10 years,10-14 years,10-14 years,male,M,parent,SO,son,5
2020,11,11 years,10-14 years,10-14 years,female,F,parent,SO,son,4
2020,11,11 years,10-14 years,10-14 years,female,F,stepparent,SS,stepson,3
2020,11,11 years,10-14 years,10-14 years,male,M,parent,SO,son,3
2020,11,11 years,10-14 years,10-14 years,male,M,stepparent,SS,stepson,2
2020,12,12 years,10-14 years,10-14 years,male,M,parent,DA,daughter,1
2020,12,12 years,10-14 years,10-14 years,male,M,parent,SO,son,4
2020,13,13 years,10-14 years,10-14 years,female,F,parent,DA,daughter,1
2020,13,13 years,10-14 years,10-14 years,male,M,parent,DA,daughter,2
2020,13,13 years,10-14 years,10-14 years,male,M,parent,SO,son,2
2020,14,14 years,10-14 years,10-14 years,female,F,parent,DA,daughter,2
2020,14,14 years,10-14 years,10-14 years,female,F,parent,SO,son,2
2020,14,14 years,10-14 years,10-14 years,male,M,parent,SO,son,1
2020,15,15 years,15-17 years,15-17 years,female,F,parent,DA,daughter,2
2020,15,15 years,15-17 years,15-17 years,male,M,stepparent,SS,stepson,1
2020,16,16 years,15-17 years,15-17 years,female,F,parent,DA,daughter,2
2020,16,16 years,15-17 years,15-17 years,female,F,parent,SO,son,1
2020,16,16 years,15-17 years,15-17 years,male,M,parent,DA,daughter,1
2020,17,17 years,15-17 years,15-17 years,female,F,parent,SO,son,1
2020,17,17 years,15-17 years,15-17 years,male,M,stepparent,SD,stepdaughter,2
2020,BB,7-364 days,under 1 year,7-364 days,female,F,parent,DA,daughter,13
2020,BB,7-364 days,under 1 year,7-364 days,female,F,parent,SO,son,22
2020,BB,7-364 days,under 1 year,7-364 days,male,M,parent,DA,daughter,22
2020,BB,7-364 days,under 1 year,7-364 days,male,M,parent,SO,son,45
2020,BB,7-364 days,under 1 year,7-364 days,male,M,stepparent,SD,stepdaughter,1
2020,BB,7-364 days,under 1 year,7-364 days,male,M,stepparent,SS,stepson,2
2020,BB,7-364 days,under 1 year,7-364 days,unknown/not specified,U,parent,DA,daughter,1
2020,NB,0-6 days,under 1 year,0-6 days,female,F,parent,DA,daughter,1
2020,NB,0-6 days,under 1 year,0-6 days,female,F,parent,SO,son,1
2020,NB,0-6 days,under 1 year,0-6 days,male,M,parent,DA,daughter,1
2020,NB,0-6 days,under 1 year,0-6 days,male,M,parent,SO,son,3
2021,01,1 years,1-4 years,1-4 years,female,F,parent,DA,daughter,11
2021,01,1 years,1-4 years,1-4 years,female,F,parent,SO,son,18
2021,01,1 years,1-4 years,1-4 years,male,M,parent,DA,daughter,10
2021,01,1 years,1-4 years,1-4 years,male,M,parent,SO,son,12
2021,01,1 years,1-4 years,1-4 years,unknown/not specified,U,parent,DA,daughter,1
2021,02,2 years,1-4 years,1-4 years,female,F,parent,DA,daughter,6
2021,02,2 years,1-4 years,1-4 years,female,F,parent,SO,son,6
2021,02,2 years,1-4 years,1-4 years,female,F,stepparent,SD,stepdaughter,1
2021,02,2 years,1-4 years,1-4 years,female,F,stepparent,SS,stepson,1
2021,02,2 years,1-4 years,1-4 years,male,M,parent,DA,daughter,4
2021,02,2 years,1-4 years,1-4 years,male,M,parent,SO,son,9
2021,02,2 years,1-4 years,1-4 years,male,M,stepparent,SD,stepdaughter,1
2021,02,2 years,1-4 years,1-4 years,male,M,stepparent,SS,stepson,1
2021,03,3 years,1-4 years,1-4 years,female,F,parent,DA,daughter,7
2021,03,3 years,1-4 years,1-4 years,female,F,parent,SO,son,5
2021,03,3 years,1-4 years,1-4 years,male,M,parent,DA,daughter,5
2021,03,3 years,1-4 years,1-4 years,male,M,parent,SO,son,2
2021,03,3 years,1-4 years,1-4 years,male,M,stepparent,SS,stepson,2
2021,04,4 years,1-4 years,1-4 years,female,F,parent,DA,daughter,3
2021,04,4 years,1-4 years,1-4 years,female,F,parent,SO,son,10
2021,04,4 years,1-4 years,1-4 years,male,M,parent,DA,daughter,2
2021,04,4 years,1-4 years,1-4 years,male,M,parent,SO,son,3
2021,05,5 years,5-9 years,5-9 years,female,F,parent,DA,daughter,9
2021,05,5 years,5-9 years,5-9 years,female,F,parent,SO,son,4
2021,05,5 years,5-9 years,5-9 years,male,M,parent,DA,daughter,2
2021,05,5 years,5-9 years,5-9 years,male,M,parent,SO,son,5
2021,05,5 years,5-9 years,5-9 years,male,M,stepparent,SS,stepson,1
2021,06,6 years,5-9 years,5-9 years,female,F,parent,SO,son,6
2021,06,6 years,5-9 years,5-9 years,male,M,parent,SO,son,3
2021,07,7 years,5-9 years,5-9 years,female,F,parent,DA,daughter,1
2021,07,7 years,5-9 years,5-9 years,female,F,parent,SO,son,2
2021,07,7 years,5-9 years,5-9 years,male,M,parent,SO,son,1
2021,08,8 years,5-9 years,5-9 years,female,F,parent,DA,daughter,1
2021,08,8 years,5-9 years,5-9 years,female,F,parent,SO,son,6
2021,08,8 years,5-9 years,5-9 years,female,F,stepparent,SS,stepson,1
2021,08,8 years,5-9 years,5-9 years,male,M,parent,SO,son,3
2021,09,9 years,5-9 years,5-9 years,female,F,parent,DA,daughter,1
2021,09,9 years,5-9 years,5-9 years,female,F,parent,SO,son,3
2021,09,9 years,5-9 years,5-9 years,female,F,stepparent,SS,stepson,1
2021,09,9 years,5-9 years,5-9 years,male,M,parent,DA,daughter,2
2021,10,10 years,10-14 years,10-14 years,female,F,parent,DA,daughter,2
2021,10,10 years,10-14 years,10-14 years,female,F,parent,SO,son,2
2021,10,10 years,10-14 years,10-14 years,male,M,parent,DA,daughter,2
2021,10,10 years,10-14 years,10-14 years,male,M,parent,SO,son,4
2021,11,11 years,10-14 years,10-14 years,female,F,parent,SO,son,1
2021,12,12 years,10-14 years,10-14 years,female,F,parent,DA,daughter,1
2021,12,12 years,10-14 years,10-14 years,female,F,parent,SO,son,3
2021,12,12 years,10-14 years,10-14 years,male,M,parent,SO,son,3
2021,13,13 years,10-14 years,10-14 years,male,M,parent,DA,daughter,1
2021,14,14 years,10-14 years,10-14 years,female,F,parent,DA,daughter,1
2021,14,14 years,10-14 years,10-14 years,male,M,parent,SO,son,1
2021,15,15 years,15-17 years,15-17 years,female,F,parent,DA,daughter,1
2021,15,15 years,15-17 years,15-17 years,female,F,parent,SO,son,1
2021,15,15 years,15-17 years,15-17 years,male,M,stepparent,SD,stepdaughter,1
2021,16,16 years,15-17 years,15-17 years,female,F,parent,DA,daughter,1
2021,16,16 years,15-17 years,15-17 years,male,M,parent,DA,daughter,1
2021,17,17 years,15-17 years,15-17 years,female,F,parent,SO,son,2
2021,17,17 years,15-17 years,15-17 years,male,M,parent,SO,son,3
2021,17,17 years,15-17 years,15-17 years,unknown/not specified,U,parent,DA,daughter,1
2021,BB,7-364 days,under 1 year,7-364 days,female,F,parent,DA,daughter,8
2021,BB,7-364 days,under 1 year,7-364 days,female,F,parent,SO,son,30
2021,BB,7-364 days,under 1 year,7-364 days,male,M,parent,DA,daughter,26
2021,BB,7-364 days,under 1 year,7-364 days,male,M,parent,SO,son,34
2021,NB,0-6 days,under 1 year,0-6 days,female,F,parent,DA,daughter,3
2021,NB,0-6 days,under 1 year,0-6 days,female,F,parent,SO,son,2
2021,NB,0-6 days,under 1 year,0-6 days,male,M,parent,DA,daughter,2
2022,01,1 years,1-4 years,1-4 years,female,F,parent,DA,daughter,14
2022,01,1 years,1-4 years,1-4 years,female,F,parent,SO,son,19
2022,01,1 years,1-4 years,1-4 years,male,M,parent,DA,daughter,14
2022,01,1 years,1-4 years,1-4 years,male,M,parent,SO,son,18
2022,01,1 years,1-4 years,1-4 years,male,M,stepparent,SD,stepdaughter,1
2022,02,2 years,1-4 years,1-4 years,female,F,parent,DA,daughter,8
2022,02,2 years,1-4 years,1-4 years,female,F,parent,SO,son,14
2022,02,2 years,1-4 years,1-4 years,male,M,parent,DA,daughter,5
2022,02,2 years,1-4 years,1-4 years,male,M,parent,SO,son,6
2022,02,2 years,1-4 years,1-4 years,male,M,stepparent,SD,stepdaughter,2
2022,02,2 years,1-4 years,1-4 years,male,M,stepparent,SS,stepson,2
2022,03,3 years,1-4 years,1-4 years,female,F,parent,DA,daughter,9
2022,03,3 years,1-4 years,1-4 years,female,F,parent,SO,son,16
2022,03,3 years,1-4 years,1-4 years,male,M,parent,DA,daughter,1
2022,03,3 years,1-4 years,1-4 years,male,M,parent,SO,son,11
2022,03,3 years,1-4 years,1-4 years,male,M,stepparent,SD,stepdaughter,1
2022,03,3 years,1-4 years,1-4 years,male,M,stepparent,SS,stepson,2
2022,04,4 years,1-4 years,1-4 years,female,F,parent,DA,daughter,9
2022,04,4 years,1-4 years,1-4 years,female,F,parent,SO,son,5
2022,04,4 years,1-4 years,1-4 years,female,F,stepparent,SD,stepdaughter,1
2022,04,4 years,1-4 years,1-4 years,female,F,stepparent,SS,stepson,1
2022,04,4 years,1-4 years,1-4 years,male,M,parent,DA,daughter,4
2022,04,4 years,1-4 years,1-4 years,male,M,parent,SO,son,2
2022,04,4 years,1-4 years,1-4 years,male,M,stepparent,SD,stepdaughter,1
2022,04,4 years,1-4 years,1-4 years,male,M,stepparent,SS,stepson,3
2022,05,5 years,5-9 years,5-9 years,female,F,parent,DA,daughter,6
2022,05,5 years,5-9 years,5-9 years,female,F,parent,SO,son,9
2022,05,5 years,5-9 years,5-9 years,male,M,parent,DA,daughter,2
2022,05,5 years,5-9 years,5-9 years,male,M,parent,SO,son,3
2022,06,6 years,5-9 years,5-9 years,female,F,parent,SO,son,5
2022,06,6 years,5-9 years,5-9 years,male,M,parent,DA,daughter,5
2022,06,6 years,5-9 years,5-9 years,male,M,parent,SO,son,3
2022,07,7 years,5-9 years,5-9 years,female,F,parent,DA,daughter,1
2022,07,7 years,5-9 years,5-9 years,female,F,parent,SO,son,4
2022,07,7 years,5-9 years,5-9 years,male,M,parent,SO,son,2
2022,08,8 years,5-9 years,5-9 years,female,F,parent,DA,daughter,4
2022,08,8 years,5-9 years,5-9 years,female,F,parent,SO,son,8
2022,08,8 years,5-9 years,5-9 years,male,M,parent,DA,daughter,4
2022,08,8 years,5-9 years,5-9 years,male,M,parent,SO,son,5
2022,08,8 years,5-9 years,5-9 years,male,M,stepparent,SS,stepson,1
2022,09,9 years,5-9 years,5-9 years,female,F,parent,DA,daughter,3
2022,09,9 years,5-9 years,5-9 years,male,M,parent,DA,daughter,1
2022,09,9 years,5-9 years,5-9 years,male,M,parent,SO,son,1
2022,09,9 years,5-9 years,5-9 years,male,M,stepparent,SD,stepdaughter,1
2022,10,10 years,10-14 years,10-14 years,female,F,parent,DA,daughter,2
2022,10,10 years,10-14 years,10-14 years,female,F,parent,SO,son,3
2022,10,10 years,10-14 years,10-14 years,male,M,parent,SO,son,4
2022,10,10 years,10-14 years,10-14 years,male,M,stepparent,SD,stepdaughter,1
2022,11,11 years,10-14 years,10-14 years,female,F,parent,DA,daughter,1
2022,11,11 years,10-14 years,10-14 years,female,F,parent,SO,son,4
2022,11,11 years,10-14 years,10-14 years,male,M,parent,DA,daughter,2
2022,11,11 years,10-14 years,10-14 years,male,M,stepparent,SD,stepdaughter,1
2022,11,11 years,10-14 years,10-14 years,male,M,stepparent,SS,stepson,2
2022,12,12 years,10-14 years,10-14 years,female,F,parent,DA,daughter,5
2022,12,12 years,10-14 years,10-14 years,female,F,parent,SO,son,4
2022,12,12 years,10-14 years,10-14 years,female,F,stepparent,SS,stepson,1
2022,12,12 years,10-14 years,10-14 years,male,M,parent,DA,daughter,4
2022,12,12 years,10-14 years,10-14 years,male,M,parent,SO,son,3
2022,12,12 years,10-14 years,10-14 years,male,M,stepparent,SD,stepdaughter,1
2022,12,12 years,10-14 years,10-14 years,male,M,stepparent,SS,stepson,1
2022,13,13 years,10-14 years,10-14 years,female,F,parent,DA,daughter,3
2022,13,13 years,10-14 years,10-14 years,female,F,parent,SO,son,2
2022,13,13 years,10-14 years,10-14 years,male,M,parent,DA,daughter,1
2022,13,13 years,10-14 years,10-14 years,male,M,stepparent,SD,stepdaughter,1
2022,13,13 years,10-14 years,10-14 years,male,M,stepparent,SS,stepson,1
2022,14,14 years,10-14 years,10-14 years,female,F,parent,SO,son,3
2022,14,14 years,10-14 years,10-14 years,male,M,parent,SO,son,1
2022,15,15 years,15-17 years,15-17 years,female,F,parent,DA,daughter,1
2022,15,15 years,15-17 years,15-17 years,female,F,parent,SO,son,2
2022,15,15 years,15-17 years,15-17 years,male,M,parent,SO,son,1
2022,16,16 years,15-17 years,15-17 years,female,F,parent,DA,daughter,1
2022,16,16 years,15-17 years,15-17 years,male,M,parent,DA,daughter,3
2022,16,16 years,15-17 years,15-17 years,male,M,stepparent,SD,stepdaughter,1
2022,17,17 years,15-17 years,15-17 years,female,F,parent,SO,son,1
2022,17,17 years,15-17 years,15-17 years,male,M,parent,DA,daughter,2
2022,BB,7-364 days,under 1 year,7-364 days,female,F,parent,DA,daughter,20
2022,BB,7-364 days,under 1 year,7-364 days,female,F,parent,SO,son,35
2022,BB,7-364 days,under 1 year,7-364 days,male,M,parent,DA,daughter,32
2022,BB,7-364 days,under 1 year,7-364 days,male,M,parent,SO,son,53
2022,BB,7-364 days,under 1 year,7-364 days,male,M,stepparent,SD,stepdaughter,3
2022,NB,0-6 days,under 1 year,0-6 days,female,F,parent,DA,daughter,3
2022,NB,0-6 days,under 1 year,0-6 days,female,F,parent,SO,son,3
2022,NB,0-6 days,under 1 year,0-6 days,male,M,parent,SO,son,3
2023,01,1 years,1-4 years,1-4 years,female,F,parent,DA,daughter,17
2023,01,1 years,1-4 years,1-4 years,female,F,parent,SO,son,21
2023,01,1 years,1-4 years,1-4 years,male,M,parent,DA,daughter,8
2023,01,1 years,1-4 years,1-4 years,male,M,parent,SO,son,14
2023,01,1 years,1-4 years,1-4 years,male,M,stepparent,SS,stepson,2
2023,01,1 years,1-4 years,1-4 years,unknown/not specified,U,parent,SO,son,1
2023,02,2 years,1-4 years,1-4 years,female,F,parent,DA,daughter,4
2023,02,2 years,1-4 years,1-4 years,female,F,parent,SO,son,10
2023,02,2 years,1-4 years,1-4 years,male,M,parent,DA,daughter,6
2023,02,2 years,1-4 years,1-4 years,male,M,parent,SO,son,8
2023,02,2 years,1-4 years,1-4 years,male,M,stepparent,SD,stepdaughter,1
2023,03,3 years,1-4 years,1-4 years,female,F,parent,DA,daughter,8
2023,03,3 years,1-4 years,1-4 years,female,F,parent,SO,son,10
2023,03,3 years,1-4 years,1-4 years,female,F,stepparent,SS,stepson,1
2023,03,3 years,1-4 years,1-4 years,male,M,parent,DA,daughter,3
2023,03,3 years,1-4 years,1-4 years,male,M,parent,SO,son,5
2023,04,4 years,1-4 years,1-4 years,female,F,parent,DA,daughter,5
2023,04,4 years,1-4 years,1-4 years,female,F,parent,SO,son,8
2023,04,4 years,1-4 years,1-4 years,male,M,parent,DA,daughter,2
2023,04,4 years,1-4 years,1-4 years,male,M,parent,SO,son,7
2023,05,5 years,5-9 years,5-9 years,female,F,parent,DA,daughter,5
2023,05,5 years,5-9 years,5-9 years,female,F,parent,SO,son,6
2023,05,5 years,5-9 years,5-9 years,male,M,parent,DA,daughter,1
2023,05,5 years,5-9 years,5-9 years,male,M,parent,SO,son,3
2023,05,5 years,5-9 years,5-9 years,male,M,stepparent,SD,stepdaughter,1
2023,06,6 years,5-9 years,5-9 years,female,F,parent,DA,daughter,2
2023,06,6 years,5-9 years,5-9 years,female,F,parent,SO,son,3
2023,06,6 years,5-9 years,5-9 years,male,M,parent,DA,daughter,2
2023,06,6 years,5-9 years,5-9 years,male,M,parent,SO,son,3
2023,07,7 years,5-9 years,5-9 years,female,F,parent,DA,daughter,1
2023,07,7 years,5-9 years,5-9 years,female,F,parent,SO,son,3
2023,07,7 years,5-9 years,5-9 years,male,M,parent,SO,son,4
2023,08,8 years,5-9 years,5-9 years,female,F,parent,DA,daughter,2
2023,08,8 years,5-9 years,5-9 years,female,F,parent,SO,son,4
2023,08,8 years,5-9 years,5-9 years,male,M,parent,DA,daughter,2
2023,08,8 years,5-9 years,5-9 years,male,M,parent,SO,son,4
2023,09,9 years,5-9 years,5-9 years,female,F,parent,DA,daughter,1
2023,09,9 years,5-9 years,5-9 years,female,F,parent,SO,son,3
2023,09,9 years,5-9 years,5-9 years,male,M,parent,DA,daughter,1
2023,09,9 years,5-9 years,5-9 years,male,M,parent,SO,son,2
2023,10,10 years,10-14 years,10-14 years,female,F,parent,DA,daughter,2
2023,10,10 years,10-14 years,10-14 years,male,M,parent,DA,daughter,2
2023,11,11 years,10-14 years,10-14 years,female,F,parent,DA,daughter,1
2023,11,11 years,10-14 years,10-14 years,female,F,parent,SO,son,2
2023,11,11 years,10-14 years,10-14 years,male,M,parent,SO,son,1
2023,12,12 years,10-14 years,10-14 years,female,F,parent,SO,son,1
2023,12,12 years,10-14 years,10-14 years,female,F,stepparent,SS,stepson,1
2023,12,12 years,10-14 years,10-14 years,male,M,parent,DA,daughter,1
2023,12,12 years,10-14 years,10-14 years,male,M,parent,SO,son,2
2023,13,13 years,10-14 years,10-14 years,female,F,parent,SO,son,2
2023,13,13 years,10-14 years,10-14 years,male,M,parent,DA,daughter,1
2023,13,13 years,10-14 years,10-14 years,male,M,parent,SO,son,4
2023,14,14 years,10-14 years,10-14 years,female,F,parent,DA,daughter,4
2023,14,14 years,10-14 years,10-14 years,male,M,parent,SO,son,1
2023,15,15 years,15-17 years,15-17 years,female,F,parent,DA,daughter,1
2023,15,15 years,15-17 years,15-17 years,female,F,parent,SO,son,1
2023,15,15 years,15-17 years,15-17 years,male,M,parent,DA,daughter,1
2023,15,15 years,15-17 years,15-17 years,male,M,parent,SO,son,3
2023,16,16 years,15-17 years,15-17 years,female,F,parent,DA,daughter,1
2023,16,16 years,15-17 years,15-17 years,female,F,parent,SO,son,5
2023,16,16 years,15-17 years,15-17 years,male,M,parent,SO,son,2
2023,16,16 years,15-17 years,15-17 years,male,M,stepparent,SS,stepson,1
2023,17,17 years,15-17 years,15-17 years,female,F,parent,DA,daughter,1
2023,17,17 years,15-17 years,15-17 years,male,M,parent,DA,daughter,3
2023,17,17 years,15-17 years,15-17 years,male,M,parent,SO,son,1
2023,17,17 years,15-17 years,15-17 years,male,M,stepparent,SD,stepdaughter,1
2023,BB,7-364 days,under 1 year,7-364 days,female,F,parent,DA,daughter,29
2023,BB,7-364 days,under 1 year,7-364 days,female,F,parent,SO,son,36
2023,BB,7-364 days,under 1 year,7-364 days,male,M,parent,DA,daughter,36
2023,BB,7-364 days,under 1 year,7-364 days,male,M,parent,SO,son,33
2023,NB,0-6 days,under 1 year,0-6 days,female,F,parent,SO,son,3
2023,NB,0-6 days,under 1 year,0-6 days,male,M,parent,SO,son,1
2024,01,1 years,1-4 years,1-4 years,female,F,parent,DA,daughter,16
2024,01,1 years,1-4 years,1-4 years,female,F,parent,SO,son,18
2024,01,1 years,1-4 years,1-4 years,male,M,parent,DA,daughter,10
2024,01,1 years,1-4 years,1-4 years,male,M,parent,SO,son,12
2024,01,1 years,1-4 years,1-4 years,male,M,stepparent,SD,stepdaughter,1
2024,01,1 years,1-4 years,1-4 years,male,M,stepparent,SS,stepson,1
2024,02,2 years,1-4 years,1-4 years,female,F,parent,DA,daughter,7
2024,02,2 years,1-4 years,1-4 years,female,F,parent,SO,son,12
2024,02,2 years,1-4 years,1-4 years,male,M,parent,DA,daughter,1
2024,02,2 years,1-4 years,1-4 years,male,M,parent,SO,son,8
2024,02,2 years,1-4 years,1-4 years,male,M,stepparent,SS,stepson,1
2024,03,3 years,1-4 years,1-4 years,female,F,parent,DA,daughter,4
2024,03,3 years,1-4 years,1-4 years,female,F,parent,SO,son,6
2024,03,3 years,1-4 years,1-4 years,male,M,parent,DA,daughter,3
2024,03,3 years,1-4 years,1-4 years,male,M,parent,SO,son,6
2024,04,4 years,1-4 years,1-4 years,female,F,parent,DA,daughter,6
2024,04,4 years,1-4 years,1-4 years,female,F,parent,SO,son,7
2024,04,4 years,1-4 years,1-4 years,female,F,stepparent,SS,stepson,1
2024,04,4 years,1-4 years,1-4 years,male,M,parent,DA,daughter,3
2024,04,4 years,1-4 years,1-4 years,male,M,parent,SO,son,4
2024,04,4 years,1-4 years,1-4 years,male,M,stepparent,SS,stepson,2
2024,05,5 years,5-9 years,5-9 years,female,F,parent,DA,daughter,4
2024,05,5 years,5-9 years,5-9 years,female,F,parent,SO,son,4
2024,05,5 years,5-9 years,5-9 years,male,M,parent,DA,daughter,4
2024,05,5 years,5-9 years,5-9 years,male,M,parent,SO,son,2
2024,06,6 years,5-9 years,5-9 years,female,F,parent,DA,daughter,1
2024,06,6 years,5-9 years,5-9 years,female,F,parent,SO,son,3
2024,06,6 years,5-9 years,5-9 years,female,F,stepparent,SS,stepson,1
2024,06,6 years,5-9 years,5-9 years,male,M,parent,SO,son,4
2024,06,6 years,5-9 years,5-9 years,male,M,stepparent,SS,stepson,2
2024,07,7 years,5-9 years,5-9 years,female,F,parent,DA,daughter,2
2024,07,7 years,5-9 years,5-9 years,male,M,parent,DA,daughter,3
2024,07,7 years,5-9 years,5-9 years,male,M,parent,SO,son,2
2024,08,8 years,5-9 years,5-9 years,female,F,parent,DA,daughter,1
2024,08,8 years,5-9 years,5-9 years,female,F,parent,SO,son,2
2024,08,8 years,5-9 years,5-9 years,female,F,stepparent,SS,stepson,1
2024,08,8 years,5-9 years,5-9 years,male,M,parent,DA,daughter,1
2024,08,8 years,5-9 years,5-9 years,male,M,parent,SO,son,3
2024,08,8 years,5-9 years,5-9 years,male,M,stepparent,SS,stepson,1
2024,09,9 years,5-9 years,5-9 years,female,F,parent,SO,son,4
2024,09,9 years,5-9 years,5-9 years,male,M,parent,SO,son,2
2024,10,10 years,10-14 years,10-14 years,female,F,parent,DA,daughter,4
2024,10,10 years,10-14 years,10-14 years,female,F,parent,SO,son,1
2024,10,10 years,10-14 years,10-14 years,male,M,parent,DA,daughter,1
2024,10,10 years,10-14 years,10-14 years,male,M,parent,SO,son,3
2024,11,11 years,10-14 years,10-14 years,female,F,parent,DA,daughter,2
2024,11,11 years,10-14 years,10-14 years,male,M,stepparent,SD,stepdaughter,1
2024,12,12 years,10-14 years,10-14 years,female,F,parent,DA,daughter,1
2024,12,12 years,10-14 years,10-14 years,female,F,stepparent,SD,stepdaughter,2
2024,12,12 years,10-14 years,10-14 years,female,F,stepparent,SS,stepson,1
2024,12,12 years,10-14 years,10-14 years,male,M,parent,DA,daughter,4
2024,12,12 years,10-14 years,10-14 years,male,M,parent,SO,son,2
2024,12,12 years,10-14 years,10-14 years,male,M,stepparent,SS,stepson,1
2024,13,13 years,10-14 years,10-14 years,male,M,stepparent,SD,stepdaughter,1
2024,14,14 years,10-14 years,10-14 years,female,F,parent,SO,son,3
2024,14,14 years,10-14 years,10-14 years,male,M,parent,DA,daughter,1
2024,14,14 years,10-14 years,10-14 years,male,M,parent,SO,son,1
2024,14,14 years,10-14 years,10-14 years,male,M,stepparent,SD,stepdaughter,1
2024,14,14 years,10-14 years,10-14 years,male,M,stepparent,SS,stepson,1
2024,15,15 years,15-17 years,15-17 years,female,F,parent,SO,son,1
2024,15,15 years,15-17 years,15-17 years,male,M,parent,SO,son,1
2024,15,15 years,15-17 years,15-17 years,male,M,stepparent,SS,stepson,1
2024,16,16 years,15-17 years,15-17 years,female,F,parent,SO,son,3
2024,16,16 years,15-17 years,15-17 years,male,M,parent,DA,daughter,2
2024,16,16 years,15-17 years,15-17 years,male,M,stepparent,SD,stepdaughter,1
2024,16,16 years,15-17 years,15-17 years,male,M,stepparent,SS,stepson,2
2024,17,17 years,15-17 years,15-17 years,male,M,parent,SO,son,1
2024,17,17 years,15-17 years,15-17 years,male,M,stepparent,SS,stepson,2
2024,BB,7-364 days,under 1 year,7-364 days,female,F,parent,DA,daughter,29
2024,BB,7-364 days,under 1 year,7-364 days,female,F,parent,SO,son,26
2024,BB,7-364 days,under 1 year,7-364 days,male,M,parent,DA,daughter,29
2024,BB,7-364 days,under 1 year,7-364 days,male,M,parent,SO,son,37
2024,BB,7-364 days,under 1 year,7-364 days,male,M,stepparent,SD,stepdaughter,1
2024,NB,0-6 days,under 1 year,0-6 days,female,F,parent,SO,son,1
2024,NB,0-6 days,under 1 year,0-6 days,male,M,parent,SO,son,1
2025,01,1 years,1-4 years,1-4 years,female,F,parent,DA,daughter,13
2025,01,1 years,1-4 years,1-4 years,female,F,parent,SO,son,11
2025,01,1 years,1-4 years,1-4 years,male,M,parent,DA,daughter,8
2025,01,1 years,1-4 years,1-4 years,male,M,parent,SO,son,9
2025,01,1 years,1-4 years,1-4 years,male,M,stepparent,SD,stepdaughter,3
2025,02,2 years,1-4 years,1-4 years,female,F,parent,DA,daughter,5
2025,02,2 years,1-4 years,1-4 years,female,F,parent,SO,son,5
2025,02,2 years,1-4 years,1-4 years,male,M,parent,DA,daughter,4
2025,02,2 years,1-4 years,1-4 years,male,M,parent,SO,son,2
2025,02,2 years,1-4 years,1-4 years,male,M,stepparent,SS,stepson,2
2025,03,3 years,1-4 years,1-4 years,female,F,parent,DA,daughter,6
2025,03,3 years,1-4 years,1-4 years,female,F,parent,SO,son,7
2025,03,3 years,1-4 years,1-4 years,male,M,parent,DA,daughter,2
2025,03,3 years,1-4 years,1-4 years,male,M,parent,SO,son,3
2025,03,3 years,1-4 years,1-4 years,male,M,stepparent,SS,stepson,1
2025,04,4 years,1-4 years,1-4 years,female,F,parent,DA,daughter,2
2025,04,4 years,1-4 years,1-4 years,female,F,parent,SO,son,5
2025,04,4 years,1-4 years,1-4 years,male,M,parent,DA,daughter,2
2025,04,4 years,1-4 years,1-4 years,male,M,parent,SO,son,5
2025,04,4 years,1-4 years,1-4 years,male,M,stepparent,SS,stepson,1
2025,04,4 years,1-4 years,1-4 years,unknown/not specified,U,parent,SO,son,1
2025,05,5 years,5-9 years,5-9 years,female,F,parent,DA,daughter,5
2025,05,5 years,5-9 years,5-9 years,male,M,parent,DA,daughter,4
2025,06,6 years,5-9 years,5-9 years,female,F,parent,DA,daughter,4
2025,06,6 years,5-9 years,5-9 years,female,F,parent,SO,son,3
2025,06,6 years,5-9 years,5-9 years,male,M,parent,DA,daughter,1
2025,06,6 years,5-9 years,5-9 years,male,M,parent,SO,son,1
2025,07,7 years,5-9 years,5-9 years,female,F,parent,DA,daughter,4
2025,07,7 years,5-9 years,5-9 years,female,F,parent,SO,son,1
2025,07,7 years,5-9 years,5-9 years,male,M,parent,DA,daughter,1
2025,08,8 years,5-9 years,5-9 years,female,F,parent,SO,son,3
2025,08,8 years,5-9 years,5-9 years,female,F,stepparent,SD,stepdaughter,2
2025,08,8 years,5-9 years,5-9 years,male,M,parent,DA,daughter,2
2025,09,9 years,5-9 years,5-9 years,female,F,parent,DA,daughter,4
2025,09,9 years,5-9 years,5-9 years,female,F,parent,SO,son,1
2025,09,9 years,5-9 years,5-9 years,male,M,parent,DA,daughter,2
2025,09,9 years,5-9 years,5-9 years,male,M,parent,SO,son,3
2025,09,9 years,5-9 years,5-9 years,male,M,stepparent,SD,stepdaughter,1
2025,10,10 years,10-14 years,10-14 years,female,F,parent,SO,son,2
2025,10,10 years,10-14 years,10-14 years,male,M,parent,DA,daughter,2
2025,10,10 years,10-14 years,10-14 years,male,M,parent,SO,son,2
2025,11,11 years,10-14 years,10-14 years,female,F,parent,DA,daughter,3
2025,11,11 years,10-14 years,10-14 years,female,F,parent,SO,son,2
2025,11,11 years,10-14 years,10-14 years,male,M,parent,DA,daughter,1
2025,11,11 years,10-14 years,10-14 years,male,M,parent,SO,son,2
2025,12,12 years,10-14 years,10-14 years,female,F,parent,DA,daughter,2
2025,12,12 years,10-14 years,10-14 years,female,F,parent,SO,son,3
2025,12,12 years,10-14 years,10-14 years,male,M,parent,SO,son,2
2025,13,13 years,10-14 years,10-14 years,female,F,parent,DA,daughter,1
2025,13,13 years,10-14 years,10-14 years,female,F,parent,SO,son,2
2025,13,13 years,10-14 years,10-14 years,male,M,parent,DA,daughter,1
2025,13,13 years,10-14 years,10-14 years,male,M,parent,SO,son,2
2025,13,13 years,10-14 years,10-14 years,male,M,stepparent,SS,stepson,1
2025,14,14 years,10-14 years,10-14 years,female,F,parent,SO,son,1
2025,14,14 years,10-14 years,10-14 years,male,M,parent,SO,son,1
2025,15,15 years,15-17 years,15-17 years,male,M,parent,DA,daughter,1
2025,15,15 years,15-17 years,15-17 years,male,M,parent,SO,son,3
2025,16,16 years,15-17 years,15-17 years,female,F,parent,DA,daughter,1
2025,16,16 years,15-17 years,15-17 years,female,F,parent,SO,son,3
2025,16,16 years,15-17 years,15-17 years,male,M,parent,DA,daughter,1
2025,16,16 years,15-17 years,15-17 years,male,M,parent,SO,son,2
2025,17,17 years,15-17 years,15-17 years,male,M,parent,DA,daughter,2
2025,17,17 years,15-17 years,15-17 years,male,M,parent,SO,son,3
2025,BB,7-364 days,under 1 year,7-364 days,female,F,parent,DA,daughter,17
2025,BB,7-364 days,under 1 year,7-364 days,female,F,parent,SO,son,24
2025,BB,7-364 days,under 1 year,7-364 days,male,M,parent,DA,daughter,18
2025,BB,7-364 days,under 1 year,7-364 days,male,M,parent,SO,son,26
2025,NB,0-6 days,under 1 year,0-6 days,female,F,parent,SO,son,3
2025,NB,0-6 days,under 1 year,0-6 days,male,M,parent,SO,son,3
